{"name":"5e3f061a-6545-432d-8f7c-dec3c87340c7","id":"/providers/Microsoft.Flow/flows/5e3f061a-6545-432d-8f7c-dec3c87340c7","type":"Microsoft.Flow/flows","properties":{"apiId":"/providers/Microsoft.PowerApps/apis/shared_logicflows","displayName":"IATI Codelist Sync","definition":{"metadata":{"workflowEntityId":null,"creator":{"id":"49a6fb92-abf3-41b2-9a20-b8a8d99ba7dd","type":"User","tenantId":"63671c3f-139d-4ac4-98e5-6c0ec66f92cf"},"provisioningMethod":"FromDefinition","failureAlertSubscription":true,"clientLastModifiedTime":"2019-06-11T19:51:43.7472264Z"},"$schema":"https://schema.management.azure.com/providers/Microsoft.Logic/schemas/2016-06-01/workflowdefinition.json#","contentVersion":"1.0.0.0","parameters":{"$connections":{"defaultValue":{},"type":"Object"},"$authentication":{"defaultValue":{},"type":"SecureObject"}},"triggers":{"manual":{"type":"Request","kind":"Button","inputs":{"schema":{"type":"object","required":[],"properties":{}},"headersSchema":{"x-ms-user-name-encoded":{"type":"string","title":"User name","format":"byte"},"x-ms-user-email-encoded":{"type":"string","title":"User email","format":"byte"},"x-ms-user-timestamp":{"type":"string","title":"Timestamp"}}}}},"actions":{"Parse_Source_JSON":{"runAfter":{},"type":"ParseJson","inputs":{"content":{"Vocabulary":[{"CodelistType":"Aid Type","CodelistTypeID":453490001,"ApiUrl":"https://raw.githubusercontent.com/IATI/IATI-Codelists-NonEmbedded/master/xml/AidTypeVocabulary.xml"},{"CodelistType":"Budget Identifier","CodelistTypeID":453490013,"ApiUrl":"https://raw.githubusercontent.com/IATI/IATI-Codelists-NonEmbedded/master/xml/BudgetIdentifierVocabulary.xml"},{"CodelistType":"Geographic Location","CodelistTypeID":453490016,"ApiUrl":"https://raw.githubusercontent.com/IATI/IATI-Codelists-NonEmbedded/master/xml/GeographicVocabulary.xml"},{"CodelistType":"Humanitarian Scope","CodelistTypeID":453490019,"ApiUrl":"https://raw.githubusercontent.com/IATI/IATI-Codelists-NonEmbedded/master/xml/HumanitarianScopeVocabulary.xml"},{"CodelistType":"Indicator","CodelistTypeID":453490021,"ApiUrl":"https://raw.githubusercontent.com/IATI/IATI-Codelists-NonEmbedded/master/xml/IndicatorVocabulary.xml"},{"CodelistType":"Policy Marker","CodelistTypeID":453490026,"ApiUrl":"https://raw.githubusercontent.com/IATI/IATI-Codelists-NonEmbedded/master/xml/PolicyMarkerVocabulary.xml"},{"CodelistType":"Region","CodelistTypeID":453490028,"ApiUrl":"https://raw.githubusercontent.com/IATI/IATI-Codelists-NonEmbedded/master/xml/RegionVocabulary.xml"},{"CodelistType":"Result","CodelistTypeID":453490029,"ApiUrl":"https://raw.githubusercontent.com/IATI/IATI-Codelists-NonEmbedded/master/xml/ResultVocabulary.xml"},{"CodelistType":"Sector","CodelistTypeID":453490030,"ApiUrl":"https://raw.githubusercontent.com/IATI/IATI-Codelists-NonEmbedded/master/xml/SectorVocabulary.xml"},{"CodelistType":"Tag","CodelistTypeID":453490031,"ApiUrl":"https://raw.githubusercontent.com/IATI/IATI-Codelists-NonEmbedded/master/xml/TagVocabulary.xml"}],"Codelist":[{"CodelistType":"Activity Scope","CodelistTypeID":453490000,"ApiUrl":"https://raw.githubusercontent.com/IATI/IATI-Codelists-NonEmbedded/master/xml/ActivityScope.xml","HasVocabulary":false},{"CodelistType":"Aid Type","CodelistTypeID":453490001,"ApiUrl":"https://raw.githubusercontent.com/IATI/IATI-Codelists-NonEmbedded/master/xml/AidType.xml","HasVocabulary":true,"VocabularyCode":"1"},{"CodelistType":"Budget Identifier","CodelistTypeID":453490013,"ApiUrl":"https://raw.githubusercontent.com/IATI/IATI-Codelists-NonEmbedded/master/xml/BudgetIdentifier.xml","HasVocabulary":true,"VocabularyCode":"1"},{"CodelistType":"Budget Not Provided","CodelistTypeID":453490003,"ApiUrl":"https://raw.githubusercontent.com/IATI/IATI-Codelists-NonEmbedded/master/xml/BudgetNotProvided.xml","HasVocabulary":false},{"CodelistType":"Collaboration Type","CodelistTypeID":453490004,"ApiUrl":"https://raw.githubusercontent.com/IATI/IATI-Codelists-NonEmbedded/master/xml/CollaborationType.xml","HasVocabulary":false},{"CodelistType":"Condition Type","CodelistTypeID":453490005,"ApiUrl":"https://raw.githubusercontent.com/IATI/IATI-Codelists-NonEmbedded/master/xml/ConditionType.xml","HasVocabulary":false},{"CodelistType":"Contact Type","CodelistTypeID":453490006,"ApiUrl":"https://raw.githubusercontent.com/IATI/IATI-Codelists-NonEmbedded/master/xml/ContactType.xml","HasVocabulary":false},{"CodelistType":"Country","CodelistTypeID":453490007,"ApiUrl":"https://raw.githubusercontent.com/IATI/IATI-Codelists-NonEmbedded/master/xml/Country.xml","HasVocabulary":false},{"CodelistType":"CRS Additional Other Flags","CodelistTypeID":453490002,"ApiUrl":"https://raw.githubusercontent.com/IATI/IATI-Codelists-NonEmbedded/master/xml/CRSAddOtherFlags.xml","HasVocabulary":false},{"CodelistType":"CRS Channel Code","CodelistTypeID":453490008,"ApiUrl":"https://raw.githubusercontent.com/IATI/IATI-Codelists-NonEmbedded/master/xml/CRSChannelCode.xml","HasVocabulary":false},{"CodelistType":"Description Type","CodelistTypeID":453490009,"ApiUrl":"https://raw.githubusercontent.com/IATI/IATI-Codelists-NonEmbedded/master/xml/DescriptionType.xml","HasVocabulary":false},{"CodelistType":"Disbursement Channel","CodelistTypeID":453490010,"ApiUrl":"https://raw.githubusercontent.com/IATI/IATI-Codelists-NonEmbedded/master/xml/DisbursementChannel.xml","HasVocabulary":false},{"CodelistType":"File Format","CodelistTypeID":453490011,"ApiUrl":"https://raw.githubusercontent.com/IATI/IATI-Codelists-NonEmbedded/master/xml/FileFormat.xml","HasVocabulary":false},{"CodelistType":"Finance Type","CodelistTypeID":453490012,"ApiUrl":"https://raw.githubusercontent.com/IATI/IATI-Codelists-NonEmbedded/master/xml/FinanceType.xml","HasVocabulary":false},{"CodelistType":"Flow Type","CodelistTypeID":453490014,"ApiUrl":"https://raw.githubusercontent.com/IATI/IATI-Codelists-NonEmbedded/master/xml/FlowType.xml","HasVocabulary":false},{"CodelistType":"Geographic Exactness","CodelistTypeID":453490015,"ApiUrl":"https://raw.githubusercontent.com/IATI/IATI-Codelists-NonEmbedded/master/xml/GeographicExactness.xml","HasVocabulary":false},{"CodelistType":"Geographic Location Class","CodelistTypeID":453490017,"ApiUrl":"https://raw.githubusercontent.com/IATI/IATI-Codelists-NonEmbedded/master/xml/GeographicLocationClass.xml","HasVocabulary":false},{"CodelistType":"Geographic Location Reach","CodelistTypeID":453490018,"ApiUrl":"https://raw.githubusercontent.com/IATI/IATI-Codelists-NonEmbedded/master/xml/GeographicLocationReach.xml","HasVocabulary":false},{"CodelistType":"Humanitarian Scope Type","CodelistTypeID":453490020,"ApiUrl":"https://raw.githubusercontent.com/IATI/IATI-Codelists-NonEmbedded/master/xml/HumanitarianScopeType.xml","HasVocabulary":false},{"CodelistType":"Indicator Measure","CodelistTypeID":453490034,"ApiUrl":"https://raw.githubusercontent.com/IATI/IATI-Codelists-NonEmbedded/master/xml/IndicatorMeasure.xml","HasVocabulary":false},{"CodelistType":"Language","CodelistTypeID":453490022,"ApiUrl":"https://raw.githubusercontent.com/IATI/IATI-Codelists-NonEmbedded/master/xml/Language.xml","HasVocabulary":false},{"CodelistType":"Loan Repayment Period","CodelistTypeID":453490036,"ApiUrl":"https://raw.githubusercontent.com/IATI/IATI-Codelists-NonEmbedded/master/xml/LoanRepaymentPeriod.xml","HasVocabulary":false},{"CodelistType":"Loan Repayment Type","CodelistTypeID":453490035,"ApiUrl":"https://raw.githubusercontent.com/IATI/IATI-Codelists-NonEmbedded/master/xml/LoanRepaymentType.xml","HasVocabulary":false},{"CodelistType":"Location Type","CodelistTypeID":453490023,"ApiUrl":"https://raw.githubusercontent.com/IATI/IATI-Codelists-NonEmbedded/master/xml/LocationType.xml","HasVocabulary":false},{"CodelistType":"Organization Type","CodelistTypeID":453490024,"ApiUrl":"https://raw.githubusercontent.com/IATI/IATI-Codelists-NonEmbedded/master/xml/OrganisationType.xml","HasVocabulary":false},{"CodelistType":"Other Identifier Type","CodelistTypeID":453490025,"ApiUrl":"https://raw.githubusercontent.com/IATI/IATI-Codelists-NonEmbedded/master/xml/OtherIdentifierType.xml","HasVocabulary":false},{"CodelistType":"Policy Marker","CodelistTypeID":453490026,"ApiUrl":"https://raw.githubusercontent.com/IATI/IATI-Codelists-NonEmbedded/master/xml/PolicyMarker.xml","HasVocabulary":true,"VocabularyCode":"1"},{"CodelistType":"Policy Significance","CodelistTypeID":453490027,"ApiUrl":"https://raw.githubusercontent.com/IATI/IATI-Codelists-NonEmbedded/master/xml/PolicySignificance.xml","HasVocabulary":false},{"CodelistType":"Region","CodelistTypeID":453490028,"ApiUrl":"https://raw.githubusercontent.com/IATI/IATI-Codelists-NonEmbedded/master/xml/Region.xml","HasVocabulary":true,"VocabularyCode":"1"},{"CodelistType":"Result Type","CodelistTypeID":453490033,"ApiUrl":"https://raw.githubusercontent.com/IATI/IATI-Codelists-NonEmbedded/master/xml/ResultType.xml","HasVocabulary":false},{"CodelistType":"Sector","CodelistTypeID":453490030,"ApiUrl":"https://raw.githubusercontent.com/IATI/IATI-Codelists-NonEmbedded/master/xml/Sector.xml","HasVocabulary":true,"VocabularyCode":"1"},{"CodelistType":"Sector","CodelistTypeID":453490030,"ApiUrl":"https://raw.githubusercontent.com/IATI/IATI-Codelists-NonEmbedded/master/xml/SectorCategory.xml","HasVocabulary":true,"VocabularyCode":"2"},{"CodelistType":"Tied Status","CodelistTypeID":453490032,"ApiUrl":"https://raw.githubusercontent.com/IATI/IATI-Codelists-NonEmbedded/master/xml/TiedStatus.xml","HasVocabulary":false}]},"schema":{"type":"object","properties":{"Vocabulary":{"type":"array","items":{"type":"object","properties":{"CodelistType":{"type":"string"},"CodelistTypeID":{"type":"integer"},"ApiUrl":{"type":"string"}},"required":["CodelistType","CodelistTypeID","ApiUrl"]}},"Codelist":{"type":"array","items":{"type":"object","properties":{"CodelistType":{"type":"string"},"CodelistTypeID":{"type":"integer"},"ApiUrl":{"type":"string"},"HasVocabulary":{"type":"boolean"},"VocabularyCode":{"type":"string"}},"required":["CodelistType","CodelistTypeID","ApiUrl","HasVocabulary"]}}}}},"description":"Stores a JSON configuration with a list of vocabularies and codelists that will be synchronized, along with the URL where the data can be retrieved from (in XML format)."},"Apply_to_each_Vocabulary":{"foreach":"@body('Parse_Source_JSON')?['Vocabulary']","actions":{"HTTP_Vocabulary":{"runAfter":{},"type":"Http","inputs":{"method":"GET","uri":"@items('Apply_to_each_Vocabulary')?['ApiUrl']"},"description":"Fetches the current vocabulary XML from the configured URL."},"Compose_Parse_Vocabulary_XML":{"runAfter":{"HTTP_Vocabulary":["Succeeded"]},"type":"Compose","inputs":"@xpath(xml(body('HTTP_Vocabulary')), '/codelist/codelist-items/codelist-item')","description":"Interprets the retrieved XML and gets a list of vocabulary records to sync."},"Apply_to_each_Vocabulary_Record_in_XML":{"foreach":"@outputs('Compose_Parse_Vocabulary_XML')","actions":{"Compose_Vocabulary_Code":{"runAfter":{},"type":"Compose","inputs":"@xpath(item(),'string(codelist-item/code)')","description":"Reads the vocabulary code for the current record of the loop in the XML."},"Compose_Vocabulary_Name":{"runAfter":{"Compose_Vocabulary_Code":["Succeeded"]},"type":"Compose","inputs":"@xpath(item(),'string(codelist-item/name/narrative)')","description":"Reads the vocabulary name for the current record of the loop in the XML."},"Compose_Vocabulary_Description":{"runAfter":{"Compose_Vocabulary_Name":["Succeeded"]},"type":"Compose","inputs":"@xpath(item(),'string(codelist-item/description/narrative)')","description":"Reads the vocabulary description for the current record of the loop in the XML."},"Compose_Vocabulary_URL":{"runAfter":{"Compose_Vocabulary_Description":["Succeeded"]},"type":"Compose","inputs":"@xpath(item(),'string(codelist-item/url)')","description":"Reads the vocabulary URL for the current record of the loop in the XML."},"List_records_Get_Vocabulary_Record":{"runAfter":{"Compose_Vocabulary_Is_Active":["Succeeded"]},"metadata":{"flowSystemMetadata":{"swaggerOperationId":"GetItems"}},"type":"ApiConnection","inputs":{"host":{"connection":{"name":"@json(decodeBase64(triggerOutputs().headers['X-MS-APIM-Tokens']))['$connections']['shared_dynamicscrmonline_1']['connectionId']"},"api":{"runtimeUrl":"https://unitedstates-002.azure-apim.net/apim/dynamicscrmonline"}},"method":"get","path":"/datasets/@{encodeURIComponent(encodeURIComponent('orgc7371a63.crm'))}/tables/@{encodeURIComponent(encodeURIComponent('msiati_nonembeddedcodelistvocabularies'))}/items","queries":{"$filter":"msiati_code eq '@{outputs('Compose_Vocabulary_Code')}' and msiati_codelisttype eq @{items('Apply_to_each_Vocabulary')?['CodelistTypeID']}","$top":1},"authentication":{"type":"Raw","value":"@json(decodeBase64(triggerOutputs().headers['X-MS-APIM-Tokens']))['$ConnectionKey']"}},"description":"Tries to fetch the D365 record for the current vocabulary item."},"Condition_Vocabulary_Record_Exists":{"actions":{"Update_Existing_Vocabulary_Record":{"runAfter":{},"metadata":{"flowSystemMetadata":{"swaggerOperationId":"PatchItem"}},"type":"ApiConnection","inputs":{"host":{"connection":{"name":"@json(decodeBase64(triggerOutputs().headers['X-MS-APIM-Tokens']))['$connections']['shared_dynamicscrmonline_1']['connectionId']"},"api":{"runtimeUrl":"https://unitedstates-002.azure-apim.net/apim/dynamicscrmonline"}},"method":"patch","body":{"msiati_code":"@{outputs('Compose_Vocabulary_Code')}","_msiati_codelisttype_label":"","msiati_name":"@{outputs('Compose_Vocabulary_Name')}","msiati_description":"@{outputs('Compose_Vocabulary_Description')}","statecode":"@if(outputs('Compose_Vocabulary_Is_Active'), 0, 1)","_statecode_label":"","statuscode":"@if(outputs('Compose_Vocabulary_Is_Active'), 1, 2)","_statuscode_label":"","msiati_uri":"@{outputs('Compose_Vocabulary_URL')}"},"path":"/datasets/@{encodeURIComponent(encodeURIComponent('orgc7371a63.crm'))}/tables/@{encodeURIComponent(encodeURIComponent('msiati_nonembeddedcodelistvocabularies'))}/items/@{encodeURIComponent(encodeURIComponent(first(body('List_records_Get_Vocabulary_Record')?['value'])?['msiati_nonembeddedcodelistvocabularyid']))}","authentication":{"type":"Raw","value":"@json(decodeBase64(triggerOutputs().headers['X-MS-APIM-Tokens']))['$ConnectionKey']"}},"description":"Updates the D365 record with the data read from the XML."}},"runAfter":{"List_records_Get_Vocabulary_Record":["Succeeded"]},"else":{"actions":{"Create_New_Vocabulary_Record":{"runAfter":{},"metadata":{"flowSystemMetadata":{"swaggerOperationId":"PostItem"}},"type":"ApiConnection","inputs":{"host":{"connection":{"name":"@json(decodeBase64(triggerOutputs().headers['X-MS-APIM-Tokens']))['$connections']['shared_dynamicscrmonline_1']['connectionId']"},"api":{"runtimeUrl":"https://unitedstates-002.azure-apim.net/apim/dynamicscrmonline"}},"method":"post","body":{"msiati_code":"@{outputs('Compose_Vocabulary_Code')}","msiati_codelisttype":"@items('Apply_to_each_Vocabulary')?['CodelistTypeID']","msiati_name":"@{outputs('Compose_Vocabulary_Name')}","msiati_description":"@{outputs('Compose_Vocabulary_Description')}","_statuscode_label":"","msiati_uri":"@{outputs('Compose_Vocabulary_URL')}"},"path":"/datasets/@{encodeURIComponent(encodeURIComponent('orgc7371a63.crm'))}/tables/@{encodeURIComponent(encodeURIComponent('msiati_nonembeddedcodelistvocabularies'))}/items","authentication":{"type":"Raw","value":"@json(decodeBase64(triggerOutputs().headers['X-MS-APIM-Tokens']))['$ConnectionKey']"}},"description":"Creates a new vocabulary record in D365 with the data read from the XML."},"Condition_Vocabulary_Is_Inactive":{"actions":{"Update_Deactivate_Vocabulary_Record":{"runAfter":{},"metadata":{"flowSystemMetadata":{"swaggerOperationId":"PatchItem"}},"type":"ApiConnection","inputs":{"host":{"connection":{"name":"@json(decodeBase64(triggerOutputs().headers['X-MS-APIM-Tokens']))['$connections']['shared_dynamicscrmonline_1']['connectionId']"},"api":{"runtimeUrl":"https://unitedstates-002.azure-apim.net/apim/dynamicscrmonline"}},"method":"patch","body":{"_msiati_codelisttype_label":"","statecode":1,"_statecode_label":"","statuscode":2,"_statuscode_label":""},"path":"/datasets/@{encodeURIComponent(encodeURIComponent('orgc7371a63.crm'))}/tables/@{encodeURIComponent(encodeURIComponent('msiati_nonembeddedcodelistvocabularies'))}/items/@{encodeURIComponent(encodeURIComponent(body('Create_New_Vocabulary_Record')?['msiati_nonembeddedcodelistvocabularyid']))}","authentication":{"type":"Raw","value":"@json(decodeBase64(triggerOutputs().headers['X-MS-APIM-Tokens']))['$ConnectionKey']"}},"description":"Updates the record created in D365 and sets it as inactive."}},"runAfter":{"Create_New_Vocabulary_Record":["Succeeded"]},"expression":{"equals":["@outputs('Compose_Vocabulary_Is_Active')","@false"]},"type":"If","description":"Checks if the vocabulary record is marked as inactive in the fetched XML."}}},"expression":{"greaterOrEquals":["@length(body('List_records_Get_Vocabulary_Record')?['value'])",1]},"type":"If","description":"Checks if the previous step (List records Get Vocabulary Record) found any record in 365."},"Compose_Vocabulary_Is_Active":{"runAfter":{"Compose_Vocabulary_URL":["Succeeded"]},"type":"Compose","inputs":"@if(equals(toLower(xpath(item(),'string(codelist-item/@status)')), 'withdrawn'), false, true)","description":"Checks if the record is marked as active or inactive for the current record of the loop in the XML."}},"runAfter":{"Compose_Parse_Vocabulary_XML":["Succeeded"]},"type":"Foreach","description":"Loop component that iterates the list of the current vocabulary records to sync.","runtimeConfiguration":{"concurrency":{"repetitions":10}}}},"runAfter":{"Parse_Source_JSON":["Succeeded"]},"type":"Foreach","description":"Loop component that iterates the list of vocabularies to be synced (data from Parse Source JSON component).","runtimeConfiguration":{"concurrency":{"repetitions":10}}},"Apply_to_each_Codelist":{"foreach":"@body('Parse_Source_JSON')?['Codelist']","actions":{"HTTP_Codelist":{"runAfter":{"Condition_Codelist_Has_Vocabulary":["Succeeded"]},"type":"Http","inputs":{"method":"GET","uri":"@items('Apply_to_each_Codelist')?['ApiUrl']"},"description":"Fetches the current codelist XML from the configured URL."},"Compose_Codelist_XML":{"runAfter":{"HTTP_Codelist":["Succeeded"]},"type":"Compose","inputs":"@xpath(xml(body('HTTP_Codelist')), '/codelist/codelist-items/codelist-item')","description":"Interprets the retrieved XML and gets a list of codelist records to sync."},"Apply_to_each_Codelist_Record_in_XML":{"foreach":"@outputs('Compose_Codelist_XML')","actions":{"Compose_Codelist_Code":{"runAfter":{},"type":"Compose","inputs":"@xpath(item(),'string(codelist-item/code)')","description":"Reads the codelist code for the current record of the loop in the XML."},"Compose_Codelist_Name":{"runAfter":{"Compose_Codelist_Code":["Succeeded"]},"type":"Compose","inputs":"@if(equals(xpath(item(),'string(codelist-item/name/narrative)'), ''), outputs('Compose_Codelist_Code'), xpath(item(),'string(codelist-item/name/narrative)'))","description":"Reads the codelist name for the current record of the loop in the XML."},"Compose_Codelist_Description":{"runAfter":{"Compose_Codelist_Name":["Succeeded"]},"type":"Compose","inputs":"@xpath(item(),'string(codelist-item/description/narrative)')","description":"Reads the codelist description for the current record of the loop in the XML."},"Compose_Codelist_Category":{"runAfter":{"Compose_Codelist_Description":["Succeeded"]},"type":"Compose","inputs":"@xpath(item(),'string(codelist-item/category)')","description":"Reads the codelist category for the current record of the loop in the XML."},"List_records_Get_Codelist_Record":{"runAfter":{"Compose_Codelist_Is_Active":["Succeeded"]},"metadata":{"flowSystemMetadata":{"swaggerOperationId":"GetItems"}},"type":"ApiConnection","inputs":{"host":{"connection":{"name":"@json(decodeBase64(triggerOutputs().headers['X-MS-APIM-Tokens']))['$connections']['shared_dynamicscrmonline_1']['connectionId']"},"api":{"runtimeUrl":"https://unitedstates-002.azure-apim.net/apim/dynamicscrmonline"}},"method":"get","path":"/datasets/@{encodeURIComponent(encodeURIComponent('orgc7371a63.crm'))}/tables/@{encodeURIComponent(encodeURIComponent('msiati_nonembeddedcodelists'))}/items","queries":{"$filter":"msiati_codelisttype eq @{items('Apply_to_each_Codelist')?['CodelistTypeID']} and msiati_code eq '@{outputs('Compose_Codelist_Code')}' and @{if(equals(items('Apply_to_each_Codelist')?['HasVocabulary'], false), '_msiati_nonembeddedcodelistvocabularyid_value eq null', concat('(_msiati_nonembeddedcodelistvocabularyid_value eq null or _msiati_nonembeddedcodelistvocabularyid_value eq ''', outputs('Compose_VocabularyId'), ''')'))}","$top":1},"authentication":{"type":"Raw","value":"@json(decodeBase64(triggerOutputs().headers['X-MS-APIM-Tokens']))['$ConnectionKey']"}},"description":"Tries to fetch the D365 record for the current codelist item."},"Condition_Codelist_Record_Exists":{"actions":{"Update_Existing_Codelist_Record":{"runAfter":{},"metadata":{"flowSystemMetadata":{"swaggerOperationId":"PatchItem"}},"type":"ApiConnection","inputs":{"host":{"connection":{"name":"@json(decodeBase64(triggerOutputs().headers['X-MS-APIM-Tokens']))['$connections']['shared_dynamicscrmonline_1']['connectionId']"},"api":{"runtimeUrl":"https://unitedstates-002.azure-apim.net/apim/dynamicscrmonline"}},"method":"patch","body":{"_msiati_codelisttype_label":"","msiati_name":"@{outputs('Compose_Codelist_Name')}","msiati_category":"@{outputs('Compose_Codelist_Category')}","msiati_description":"@{outputs('Compose_Codelist_Description')}","statecode":"@if(outputs('Compose_Codelist_Is_Active'), 0, 1)","_statecode_label":"","statuscode":"@if(outputs('Compose_Codelist_Is_Active'), 1, 2)","_statuscode_label":"","_msiati_nonembeddedcodelistvocabularyid_value":"@{outputs('Compose_VocabularyId')}"},"path":"/datasets/@{encodeURIComponent(encodeURIComponent('orgc7371a63.crm'))}/tables/@{encodeURIComponent(encodeURIComponent('msiati_nonembeddedcodelists'))}/items/@{encodeURIComponent(encodeURIComponent(first(body('List_records_Get_Codelist_Record')?['value'])?['msiati_nonembeddedcodelistid']))}","authentication":{"type":"Raw","value":"@json(decodeBase64(triggerOutputs().headers['X-MS-APIM-Tokens']))['$ConnectionKey']"}},"description":"Updates the D365 record with the data read from the XML."}},"runAfter":{"List_records_Get_Codelist_Record":["Succeeded"]},"else":{"actions":{"Create_New_Codelist_Record":{"runAfter":{},"metadata":{"flowSystemMetadata":{"swaggerOperationId":"PostItem"}},"type":"ApiConnection","inputs":{"host":{"connection":{"name":"@json(decodeBase64(triggerOutputs().headers['X-MS-APIM-Tokens']))['$connections']['shared_dynamicscrmonline_1']['connectionId']"},"api":{"runtimeUrl":"https://unitedstates-002.azure-apim.net/apim/dynamicscrmonline"}},"method":"post","body":{"msiati_code":"@{outputs('Compose_Codelist_Code')}","msiati_codelisttype":"@items('Apply_to_each_Codelist')?['CodelistTypeID']","msiati_name":"@{outputs('Compose_Codelist_Name')}","_msiati_codelisttype_label":"","msiati_category":"@{outputs('Compose_Codelist_Category')}","msiati_description":"@{outputs('Compose_Codelist_Description')}","_statuscode_label":"","_msiati_nonembeddedcodelistvocabularyid_value":"@{outputs('Compose_VocabularyId')}"},"path":"/datasets/@{encodeURIComponent(encodeURIComponent('orgc7371a63.crm'))}/tables/@{encodeURIComponent(encodeURIComponent('msiati_nonembeddedcodelists'))}/items","authentication":{"type":"Raw","value":"@json(decodeBase64(triggerOutputs().headers['X-MS-APIM-Tokens']))['$ConnectionKey']"}},"description":"Creates a new codelist record in D365 with the data read from the XML."},"Condition_Codelist_Is_Inactive":{"actions":{"Update_Deactivate_Codelist_Record":{"runAfter":{},"metadata":{"flowSystemMetadata":{"swaggerOperationId":"PatchItem"}},"type":"ApiConnection","inputs":{"host":{"connection":{"name":"@json(decodeBase64(triggerOutputs().headers['X-MS-APIM-Tokens']))['$connections']['shared_dynamicscrmonline_1']['connectionId']"},"api":{"runtimeUrl":"https://unitedstates-002.azure-apim.net/apim/dynamicscrmonline"}},"method":"patch","body":{"_msiati_codelisttype_label":"","statecode":1,"_statecode_label":"","statuscode":2},"path":"/datasets/@{encodeURIComponent(encodeURIComponent('orgc7371a63.crm'))}/tables/@{encodeURIComponent(encodeURIComponent('msiati_nonembeddedcodelists'))}/items/@{encodeURIComponent(encodeURIComponent(body('Create_New_Codelist_Record')?['msiati_nonembeddedcodelistid']))}","authentication":{"type":"Raw","value":"@json(decodeBase64(triggerOutputs().headers['X-MS-APIM-Tokens']))['$ConnectionKey']"}},"description":"Updates the record created in D365 and sets it as inactive."}},"runAfter":{"Create_New_Codelist_Record":["Succeeded"]},"expression":{"equals":["@outputs('Compose_Codelist_Is_Active')","@false"]},"type":"If","description":"Checks if the codelist record is marked as inactive in the fetched XML."}}},"expression":{"greaterOrEquals":["@length(body('List_records_Get_Codelist_Record')?['value'])",1]},"type":"If","description":"Checks if the previous step (List records Get Codelist Record) found any record in 365."},"Compose_Codelist_Is_Active":{"runAfter":{"Compose_Codelist_Category":["Succeeded"]},"type":"Compose","inputs":"@if(equals(toLower(xpath(item(),'string(codelist-item/@status)')), 'withdrawn'), false, true)","description":"Checks if the record is marked as active or inactive for the current record of the loop in the XML."}},"runAfter":{"Compose_Codelist_XML":["Succeeded"]},"type":"Foreach","description":"Loop component that iterates the list of the current codelist records to sync.","runtimeConfiguration":{"concurrency":{"repetitions":10}}},"Condition_Codelist_Has_Vocabulary":{"actions":{"List_records_Get_Codelist_Vocabulary_Record":{"runAfter":{},"metadata":{"flowSystemMetadata":{"swaggerOperationId":"GetItems"}},"type":"ApiConnection","inputs":{"host":{"connection":{"name":"@json(decodeBase64(triggerOutputs().headers['X-MS-APIM-Tokens']))['$connections']['shared_dynamicscrmonline_1']['connectionId']"},"api":{"runtimeUrl":"https://unitedstates-002.azure-apim.net/apim/dynamicscrmonline"}},"method":"get","path":"/datasets/@{encodeURIComponent(encodeURIComponent('orgc7371a63.crm'))}/tables/@{encodeURIComponent(encodeURIComponent('msiati_nonembeddedcodelistvocabularies'))}/items","queries":{"$filter":"msiati_code eq '@{items('Apply_to_each_Codelist')?['VocabularyCode']}' and msiati_codelisttype eq @{items('Apply_to_each_Codelist')?['CodelistTypeID']}","$top":1},"authentication":{"type":"Raw","value":"@json(decodeBase64(triggerOutputs().headers['X-MS-APIM-Tokens']))['$ConnectionKey']"}},"description":"Fetches the codelist's vocabulary ID from D365."},"Compose_VocabularyId":{"runAfter":{"List_records_Get_Codelist_Vocabulary_Record":["Succeeded"]},"type":"Compose","inputs":"@first(body('List_records_Get_Codelist_Vocabulary_Record')?['value'])?['msiati_nonembeddedcodelistvocabularyid']","description":"Gets the D365 Vocabulary ID from the previous step (List records Get Codelist Vocabulary Record)."}},"runAfter":{},"expression":{"equals":["@items('Apply_to_each_Codelist')?['HasVocabulary']","@true"]},"type":"If","description":"Checks if the codelist has a vocabulary."}},"runAfter":{"Apply_to_each_Vocabulary":["Succeeded"]},"type":"Foreach","description":"Loop component that iterates the list of codelists to be synced (data from Parse Source JSON component).","runtimeConfiguration":{"concurrency":{"repetitions":10}}}},"outputs":{}},"connectionReferences":{"shared_dynamicscrmonline_1":{"connectionName":"a09bcecf8c654a2cb0933df659d3ec2e","source":"Invoker","id":"/providers/Microsoft.PowerApps/apis/shared_dynamicscrmonline","tier":"NotSpecified"}},"flowFailureAlertSubscribed":false}}