<ImportExportXml xmlns:xsi="http://www.w3.org/2001/XMLSchema-instance">
  <Entities></Entities>
  <Roles></Roles>
  <Workflows></Workflows>
  <FieldSecurityProfiles></FieldSecurityProfiles>
  <Templates />
  <EntityMaps />
  <EntityRelationships />
  <OrganizationSettings />
  <optionsets />
  <WebResources>
    <WebResource>
      <WebResourceId>{19db6993-1ab9-e911-a966-000d3a1bc2d1}</WebResourceId>
      <Name>msnfp_awards16</Name>
      <DisplayName>Awards 16</DisplayName>
      <WebResourceType>11</WebResourceType>
      <IntroducedVersion>2.1.3.0</IntroducedVersion>
      <IsEnabledForMobileClient>0</IsEnabledForMobileClient>
      <IsAvailableForMobileOffline>0</IsAvailableForMobileOffline>
      <DependencyXml>&lt;Dependencies&gt;&lt;Dependency componentType="WebResource" /&gt;&lt;/Dependencies&gt;</DependencyXml>
      <IsCustomizable>1</IsCustomizable>
      <CanBeDeleted>1</CanBeDeleted>
      <IsHidden>0</IsHidden>
      <FileName>/WebResources/msnfp_awards1619DB6993-1AB9-E911-A966-000D3A1BC2D1</FileName>
    </WebResource>
    <WebResource>
      <WebResourceId>{787f8e5e-1db9-e911-a966-000d3a1bc2d1}</WebResourceId>
      <Name>msnfp_administration16</Name>
      <DisplayName>Administration 16</DisplayName>
      <WebResourceType>11</WebResourceType>
      <IntroducedVersion>2.1.3.0</IntroducedVersion>
      <IsEnabledForMobileClient>0</IsEnabledForMobileClient>
      <IsAvailableForMobileOffline>0</IsAvailableForMobileOffline>
      <DependencyXml>&lt;Dependencies&gt;&lt;Dependency componentType="WebResource" /&gt;&lt;/Dependencies&gt;</DependencyXml>
      <IsCustomizable>1</IsCustomizable>
      <CanBeDeleted>1</CanBeDeleted>
      <IsHidden>0</IsHidden>
      <FileName>/WebResources/msnfp_administration16787F8E5E-1DB9-E911-A966-000D3A1BC2D1</FileName>
    </WebResource>
    <WebResource>
      <WebResourceId>{6e26fddf-1db9-e911-a966-000d3a1bc2d1}</WebResourceId>
      <Name>msnfp_constituents16</Name>
      <DisplayName>Constituents 16</DisplayName>
      <WebResourceType>11</WebResourceType>
      <IntroducedVersion>2.1.3.0</IntroducedVersion>
      <IsEnabledForMobileClient>0</IsEnabledForMobileClient>
      <IsAvailableForMobileOffline>0</IsAvailableForMobileOffline>
      <DependencyXml>&lt;Dependencies&gt;&lt;Dependency componentType="WebResource" /&gt;&lt;/Dependencies&gt;</DependencyXml>
      <IsCustomizable>1</IsCustomizable>
      <CanBeDeleted>1</CanBeDeleted>
      <IsHidden>0</IsHidden>
      <FileName>/WebResources/msnfp_constituents166E26FDDF-1DB9-E911-A966-000D3A1BC2D1</FileName>
    </WebResource>
    <WebResource>
      <WebResourceId>{8568db0a-1eb9-e911-a966-000d3a1bc2d1}</WebResourceId>
      <Name>msnfp_deliveryframework16</Name>
      <DisplayName>Delivery Framework 16</DisplayName>
      <WebResourceType>11</WebResourceType>
      <IntroducedVersion>2.1.3.0</IntroducedVersion>
      <IsEnabledForMobileClient>0</IsEnabledForMobileClient>
      <IsAvailableForMobileOffline>0</IsAvailableForMobileOffline>
      <DependencyXml>&lt;Dependencies&gt;&lt;Dependency componentType="WebResource" /&gt;&lt;/Dependencies&gt;</DependencyXml>
      <IsCustomizable>1</IsCustomizable>
      <CanBeDeleted>1</CanBeDeleted>
      <IsHidden>0</IsHidden>
      <FileName>/WebResources/msnfp_deliveryframework168568DB0A-1EB9-E911-A966-000D3A1BC2D1</FileName>
    </WebResource>
    <WebResource>
      <WebResourceId>{e8dd7fc7-1eb9-e911-a966-000d3a1bc2d1}</WebResourceId>
      <Name>msnfp_fundraising16</Name>
      <DisplayName>Fundraising 16</DisplayName>
      <WebResourceType>11</WebResourceType>
      <IntroducedVersion>2.1.3.0</IntroducedVersion>
      <IsEnabledForMobileClient>0</IsEnabledForMobileClient>
      <IsAvailableForMobileOffline>0</IsAvailableForMobileOffline>
      <DependencyXml>&lt;Dependencies&gt;&lt;Dependency componentType="WebResource" /&gt;&lt;/Dependencies&gt;</DependencyXml>
      <IsCustomizable>1</IsCustomizable>
      <CanBeDeleted>1</CanBeDeleted>
      <IsHidden>0</IsHidden>
      <FileName>/WebResources/msnfp_fundraising16E8DD7FC7-1EB9-E911-A966-000D3A1BC2D1</FileName>
    </WebResource>
    <WebResource>
      <WebResourceId>{fcf6775b-1fb9-e911-a966-000d3a1bc2d1}</WebResourceId>
      <Name>msnfp_nonprofit16</Name>
      <DisplayName>Nonprofit 16</DisplayName>
      <WebResourceType>11</WebResourceType>
      <IntroducedVersion>2.1.3.0</IntroducedVersion>
      <IsEnabledForMobileClient>0</IsEnabledForMobileClient>
      <IsAvailableForMobileOffline>0</IsAvailableForMobileOffline>
      <DependencyXml>&lt;Dependencies&gt;&lt;Dependency componentType="WebResource" /&gt;&lt;/Dependencies&gt;</DependencyXml>
      <IsCustomizable>1</IsCustomizable>
      <CanBeDeleted>1</CanBeDeleted>
      <IsHidden>0</IsHidden>
      <FileName>/WebResources/msnfp_nonprofit16FCF6775B-1FB9-E911-A966-000D3A1BC2D1</FileName>
    </WebResource>
  </WebResources>
  <CustomControls />
  <AppModuleSiteMaps>
    <AppModuleSiteMap>
      <SiteMapUniqueName>msnfp_NonprofitAccelerator</SiteMapUniqueName>
      <SiteMap IntroducedVersion="7.0.0.0">
        <Area IntroducedVersion="7.0.0.0" ShowGroups="true" Icon="/WebResources/msnfp_NonProfitAppLogo" VectorIcon="/WebResources/msnfp_NonProfitAppLogo" DescriptionResourceId="SitemapDesigner.NewArea" ResourceId="SitemapDesigner.NewArea" Id="New_Nonprofit">
          <Titles>
            <Title Title="Nonprofit" LCID="1033" />
          </Titles>
          <Group IntroducedVersion="7.0.0.0" DescriptionResourceId="SitemapDesigner.NewGroup" ResourceId="SitemapDesigner.NewGroup" Id="New_Constituents" ToolTipResourseId="SitemapDesigner.Unknown" IsProfile="false">
            <Titles>
              <Title Title="Constituents" LCID="1033" />
            </Titles>
            <SubArea IntroducedVersion="7.0.0.0" Icon="/_imgs/imagestrips/transparent_spacer.gif" ResourceId="SitemapDesigner.NewSubArea" Id="Individuals" Sku="All,OnPremise,Live,SPLA" PassParams="true" AvailableOffline="true" Client="All,Outlook,OutlookLaptopClient,OutlookWorkstationClient,Web" Entity="contact" Url="viewid={00000000-0000-0000-00aa-000010001004}">
              <Titles>
                <Title Title="Individuals" LCID="1033" />
              </Titles>
            </SubArea>
            <SubArea Icon="/WebResources/msnfp_donorsvg" VectorIcon="/WebResources/msnfp_donorsvg" ResourceId="SitemapDesigner.NewSubArea" Id="NewSubArea_59a4071" Sku="All,OnPremise,Live,SPLA" PassParams="false" AvailableOffline="true" Client="All,Outlook,OutlookLaptopClient,OutlookWorkstationClient,Web" Url="/main.aspx?pagetype=entitylist&amp;etn=contact&amp;viewid={cf955fa0-92d7-e811-a960-000d3a378f36}">
              <Titles>
                <Title Title="Donors" LCID="1033" />
              </Titles>
            </SubArea>
            <SubArea Icon="/WebResources/msnfp_accountsvg" VectorIcon="/WebResources/msnfp_accountsvg" ResourceId="SitemapDesigner.NewSubArea" Id="NewSubArea_305c75b5" Sku="All,OnPremise,Live,SPLA" PassParams="false" AvailableOffline="true" Client="All,Outlook,OutlookLaptopClient,OutlookWorkstationClient,Web" Url="/main.aspx?pagetype=entitylist&amp;etn=account&amp;viewid={24e7af6c-5fdc-e811-a962-000d3a3780dd}">
              <Titles>
                <Title Title="Households" LCID="1033" />
              </Titles>
            </SubArea>
            <SubArea Icon="/_imgs/imagestrips/transparent_spacer.gif" Id="NewSubArea_892830d7" Sku="All,OnPremise,Live,SPLA" PassParams="false" AvailableOffline="true" Client="All,Outlook,OutlookLaptopClient,OutlookWorkstationClient,Web" Entity="account">
              <Titles>
                <Title Title="Accounts" LCID="1033" />
              </Titles>
            </SubArea>
            <SubArea Icon="/WebResources/msnfp_accountsvg" VectorIcon="/WebResources/msnfp_accountsvg" ResourceId="SitemapDesigner.NewSubArea" Id="NewSubArea_29ce4a6f" Sku="All,OnPremise,Live,SPLA" PassParams="false" AvailableOffline="true" Client="All,Outlook,OutlookLaptopClient,OutlookWorkstationClient,Web" Url="/main.aspx?pagetype=entitylist&amp;etn=account&amp;viewid={b4045ebc-cbd3-e811-a960-000d3a37870e}">
              <Titles>
                <Title Title="Organizations" LCID="1033" />
              </Titles>
            </SubArea>
            <SubArea Icon="/WebResources/msnfp_donorsvg" VectorIcon="/WebResources/msnfp_donorsvg" ResourceId="SitemapDesigner.NewSubArea" Id="NewSubArea_3698a4ee" Sku="All,OnPremise,Live,SPLA" PassParams="false" AvailableOffline="true" Client="All,Outlook,OutlookLaptopClient,OutlookWorkstationClient,Web" Url="/main.aspx?pagetype=entitylist&amp;etn=msnfp_benefitrecipient&amp;viewid={e244d49c-b6bf-4575-9c2e-1d17faf4acb7}">
              <Titles>
                <Title Title="Benefit Recipients" LCID="1033" />
              </Titles>
            </SubArea>
            <SubArea Icon="/_imgs/imagestrips/transparent_spacer.gif" DescriptionResourceId="Dashboards_Description" ResourceId="Homepage_Dashboards" Id="NewSubArea_af000c32" Sku="All,OnPremise,Live,SPLA" PassParams="false" AvailableOffline="true" Client="All,Outlook,OutlookLaptopClient,OutlookWorkstationClient,Web" Url="/workplace/home_dashboards.aspx" DefaultDashboard="41e0b21c-d8d3-e811-a960-000d3a37870e">
              <Titles>
                <Title Title="Dashboard" LCID="1033" />
              </Titles>
            </SubArea>
          </Group>
          <Group ResourceId="SitemapDesigner.NewGroup" Id="NewGroup_780957ef" ToolTipResourseId="SitemapDesigner.Unknown" IsProfile="false">
            <Titles>
              <Title Title="Fundraising" LCID="1033" />
            </Titles>
            <SubArea Icon="/_imgs/imagestrips/transparent_spacer.gif" Id="NewSubArea_59c92b9d" Sku="All,OnPremise,Live,SPLA" PassParams="false" AvailableOffline="true" Client="All,Outlook,OutlookLaptopClient,OutlookWorkstationClient,Web" Entity="msnfp_donorcommitment">
              <Titles>
                <Title Title="Donor Commitments" LCID="1033" />
              </Titles>
            </SubArea>
            <SubArea Icon="/_imgs/imagestrips/transparent_spacer.gif" Id="NewSubArea_929a87ea" Sku="All,OnPremise,Live,SPLA" PassParams="false" AvailableOffline="true" Client="All,Outlook,OutlookLaptopClient,OutlookWorkstationClient,Web" Entity="msnfp_transaction">
              <Titles>
                <Title Title="Transactions" LCID="1033" />
              </Titles>
            </SubArea>
            <SubArea Icon="/_imgs/imagestrips/transparent_spacer.gif" Id="NewSubArea_b97b1bc1" Sku="All,OnPremise,Live,SPLA" PassParams="false" AvailableOffline="true" Client="All,Outlook,OutlookLaptopClient,OutlookWorkstationClient,Web" Entity="msnfp_plannedgiving">
              <Titles>
                <Title Title="Planned Giving" LCID="1033" />
              </Titles>
            </SubArea>
            <SubArea Icon="/_imgs/imagestrips/transparent_spacer.gif" Id="NewSubArea_006d6ade" Sku="All,OnPremise,Live,SPLA" PassParams="false" AvailableOffline="true" Client="All,Outlook,OutlookLaptopClient,OutlookWorkstationClient,Web" Entity="msnfp_membership">
              <Titles>
                <Title Title="Memberships" LCID="1033" />
              </Titles>
            </SubArea>
            <SubArea Icon="/_imgs/imagestrips/transparent_spacer.gif" Id="NewSubArea_79bc2069" Sku="All,OnPremise,Live,SPLA" PassParams="false" AvailableOffline="true" Client="All,Outlook,OutlookLaptopClient,OutlookWorkstationClient,Web" Entity="msnfp_designation">
              <Titles>
                <Title Title="Designations" LCID="1033" />
              </Titles>
            </SubArea>
            <SubArea Icon="/_imgs/imagestrips/transparent_spacer.gif" ResourceId="SitemapDesigner.NewSubArea" Id="NewSubArea_8a65b35b" Sku="All,OnPremise,Live,SPLA" PassParams="false" AvailableOffline="true" Client="All,Outlook,OutlookLaptopClient,OutlookWorkstationClient,Web" Url="/workplace/home_dashboards.aspx">
              <Titles>
                <Title Title="Dashboard" LCID="1033" />
              </Titles>
            </SubArea>
          </Group>
          <Group ResourceId="SitemapDesigner.NewGroup" Id="NewGroup_27aec259" ToolTipResourseId="SitemapDesigner.Unknown" IsProfile="false">
            <Titles>
              <Title Title="Awards" LCID="1033" />
            </Titles>
            <SubArea Icon="/_imgs/imagestrips/transparent_spacer.gif" Id="NewSubArea_f9993313" Sku="All,OnPremise,Live,SPLA" PassParams="false" AvailableOffline="true" Client="All,Outlook,OutlookLaptopClient,OutlookWorkstationClient,Web" Entity="msnfp_objective">
              <Titles>
                <Title Title="Objectives" LCID="1033" />
              </Titles>
            </SubArea>
            <SubArea Icon="/_imgs/imagestrips/transparent_spacer.gif" Id="NewSubArea_8f5c79a6" Sku="All,OnPremise,Live,SPLA" PassParams="false" AvailableOffline="true" Client="All,Outlook,OutlookLaptopClient,OutlookWorkstationClient,Web" Entity="msnfp_deliveryframework">
              <Titles>
                <Title Title="Delivery Frameworks" LCID="1033" />
              </Titles>
            </SubArea>
            <SubArea Icon="/_imgs/imagestrips/transparent_spacer.gif" Id="NewSubArea_18398fe8" Sku="All,OnPremise,Live,SPLA" PassParams="false" AvailableOffline="true" Client="All,Outlook,OutlookLaptopClient,OutlookWorkstationClient,Web" Entity="msnfp_budget">
              <Titles>
                <Title Title="Budgets" LCID="1033" />
              </Titles>
            </SubArea>
            <SubArea Icon="/_imgs/imagestrips/transparent_spacer.gif" Id="NewSubArea_4211f94c" Sku="All,OnPremise,Live,SPLA" PassParams="false" AvailableOffline="true" Client="All,Outlook,OutlookLaptopClient,OutlookWorkstationClient,Web" Entity="msnfp_docket">
              <Titles>
                <Title Title="Dockets" LCID="1033" />
              </Titles>
            </SubArea>
            <SubArea Icon="/_imgs/imagestrips/transparent_spacer.gif" Id="NewSubArea_3e6b1c6b" Sku="All,OnPremise,Live,SPLA" PassParams="false" AvailableOffline="true" Client="All,Outlook,OutlookLaptopClient,OutlookWorkstationClient,Web" Entity="msnfp_recommendation">
              <Titles>
                <Title Title="Recommendations" LCID="1033" />
              </Titles>
            </SubArea>
            <SubArea Icon="/_imgs/imagestrips/transparent_spacer.gif" Id="NewSubArea_5519b2b2" Sku="All,OnPremise,Live,SPLA" PassParams="false" AvailableOffline="true" Client="All,Outlook,OutlookLaptopClient,OutlookWorkstationClient,Web" Entity="msnfp_request">
              <Titles>
                <Title Title="Requests" LCID="1033" />
              </Titles>
            </SubArea>
            <SubArea Icon="/_imgs/imagestrips/transparent_spacer.gif" Id="NewSubArea_01ff919b" Sku="All,OnPremise,Live,SPLA" PassParams="false" AvailableOffline="true" Client="All,Outlook,OutlookLaptopClient,OutlookWorkstationClient,Web" Entity="msnfp_award">
              <Titles>
                <Title Title="Awards" LCID="1033" />
              </Titles>
            </SubArea>
            <SubArea Icon="/_imgs/imagestrips/transparent_spacer.gif" Id="NewSubArea_59f1e7dd" Sku="All,OnPremise,Live,SPLA" PassParams="false" AvailableOffline="true" Client="All,Outlook,OutlookLaptopClient,OutlookWorkstationClient,Web" Entity="msnfp_review">
              <Titles>
                <Title Title="Reviews" LCID="1033" />
              </Titles>
            </SubArea>
            <SubArea Icon="/_imgs/imagestrips/transparent_spacer.gif" Id="NewSubArea_4d049985" Sku="All,OnPremise,Live,SPLA" PassParams="false" AvailableOffline="true" Client="All,Outlook,OutlookLaptopClient,OutlookWorkstationClient,Web" Entity="msnfp_report">
              <Titles>
                <Title Title="Reports" LCID="1033" />
              </Titles>
            </SubArea>
            <SubArea Icon="/_imgs/imagestrips/transparent_spacer.gif" Id="NewSubArea_32938b" Sku="All,OnPremise,Live,SPLA" PassParams="false" AvailableOffline="true" Client="All,Outlook,OutlookLaptopClient,OutlookWorkstationClient,Web" Entity="msnfp_disbursement">
              <Titles>
                <Title Title="Disbursements" LCID="1033" />
              </Titles>
            </SubArea>
            <SubArea Icon="/_imgs/imagestrips/transparent_spacer.gif" ResourceId="SitemapDesigner.NewSubArea" Id="NewSubArea_9e5d3784" Sku="All,OnPremise,Live,SPLA" PassParams="false" AvailableOffline="true" Client="All,Outlook,OutlookLaptopClient,OutlookWorkstationClient,Web" Url="/workplace/home_dashboards.aspx">
              <Titles>
                <Title Title="Dashboard" LCID="1033" />
              </Titles>
            </SubArea>
          </Group>
          <Group ResourceId="SitemapDesigner.NewGroup" Id="NewGroup_526219fa" ToolTipResourseId="SitemapDesigner.Unknown" IsProfile="false">
            <Titles>
              <Title Title="Delivery Framework" LCID="1033" />
            </Titles>
            <SubArea Icon="/_imgs/imagestrips/transparent_spacer.gif" Id="NewSubArea_e9ac881e" Sku="All,OnPremise,Live,SPLA" PassParams="false" AvailableOffline="true" Client="All,Outlook,OutlookLaptopClient,OutlookWorkstationClient,Web" Entity="msnfp_objective">
              <Titles>
                <Title Title="Objectives" LCID="1033" />
              </Titles>
            </SubArea>
            <SubArea Icon="/_imgs/imagestrips/transparent_spacer.gif" Id="NewSubArea_1dcde4c2" Sku="All,OnPremise,Live,SPLA" PassParams="false" AvailableOffline="true" Client="All,Outlook,OutlookLaptopClient,OutlookWorkstationClient,Web" Entity="msnfp_deliveryframework">
              <Titles>
                <Title Title="Delivery Frameworks" LCID="1033" />
              </Titles>
            </SubArea>
            <SubArea Icon="/WebResources/msnfp_grantrequestsvg" VectorIcon="/WebResources/msnfp_grantrequestsvg" ResourceId="SitemapDesigner.NewSubArea" Id="NewSubArea_0a3ef6c3" Sku="All,OnPremise,Live,SPLA" PassParams="false" AvailableOffline="true" Client="All,Outlook,OutlookLaptopClient,OutlookWorkstationClient,Web" Url="/main.aspx?pagetype=entitylist&amp;etn=msnfp_deliveryframework&amp;viewid={E7DAEBFB-D4E1-E811-A965-000D3A37839B}">
              <Titles>
                <Title Title="Programs" LCID="1033" />
              </Titles>
            </SubArea>
            <SubArea Icon="/WebResources/msnfp_grantrequestsvg" VectorIcon="/WebResources/msnfp_grantrequestsvg" ResourceId="SitemapDesigner.NewSubArea" Id="NewSubArea_42c6c715" Sku="All,OnPremise,Live,SPLA" PassParams="false" AvailableOffline="true" Client="All,Outlook,OutlookLaptopClient,OutlookWorkstationClient,Web" Url="/main.aspx?pagetype=entitylist&amp;etn=msnfp_deliveryframework&amp;viewid={738FA81B-D5E1-E811-A965-000D3A37839B}">
              <Titles>
                <Title Title="Projects" LCID="1033" />
              </Titles>
            </SubArea>
            <SubArea Icon="/_imgs/imagestrips/transparent_spacer.gif" Id="NewSubArea_7e81ce5f" Sku="All,OnPremise,Live,SPLA" PassParams="false" AvailableOffline="true" Client="All,Outlook,OutlookLaptopClient,OutlookWorkstationClient,Web" Entity="msnfp_budget">
              <Titles>
                <Title Title="Budgets" LCID="1033" />
              </Titles>
            </SubArea>
            <SubArea Icon="/_imgs/imagestrips/transparent_spacer.gif" Id="NewSubArea_be06660e" Sku="All,OnPremise,Live,SPLA" PassParams="false" AvailableOffline="true" Client="All,Outlook,OutlookLaptopClient,OutlookWorkstationClient,Web" Entity="msnfp_result">
              <Titles>
                <Title Title="Results" LCID="1033" />
              </Titles>
            </SubArea>
            <SubArea Icon="/_imgs/imagestrips/transparent_spacer.gif" Id="NewSubArea_d7ee702" Sku="All,OnPremise,Live,SPLA" PassParams="false" AvailableOffline="true" Client="All,Outlook,OutlookLaptopClient,OutlookWorkstationClient,Web" Entity="msnfp_indicator">
              <Titles>
                <Title Title="Indicators" LCID="1033" />
              </Titles>
            </SubArea>
            <SubArea Icon="/_imgs/imagestrips/transparent_spacer.gif" Id="NewSubArea_0c3e1746" Sku="All,OnPremise,Live,SPLA" PassParams="false" AvailableOffline="true" Client="All,Outlook,OutlookLaptopClient,OutlookWorkstationClient,Web" Entity="msnfp_indicatorvalue" />
            <SubArea Icon="/_imgs/imagestrips/transparent_spacer.gif" DescriptionResourceId="Dashboards_Description" ResourceId="Homepage_Dashboards" Id="NewSubArea_2d7ad48b" Sku="All,OnPremise,Live,SPLA" PassParams="false" AvailableOffline="true" Client="All,Outlook,OutlookLaptopClient,OutlookWorkstationClient,Web" Url="/workplace/home_dashboards.aspx" DefaultDashboard="7059ff20-a687-e911-a960-000d3a37f702">
              <Titles>
                <Title Title="Dashboards" LCID="1033" />
              </Titles>
            </SubArea>
          </Group>
          <Group ResourceId="SitemapDesigner.NewGroup" Id="NewGroup_04254fcc" ToolTipResourseId="SitemapDesigner.Unknown" IsProfile="false">
            <Titles>
              <Title Title="Administration" LCID="1033" />
            </Titles>
            <SubArea Icon="/_imgs/imagestrips/transparent_spacer.gif" Id="NewSubArea_7b3ee78e" Sku="All,OnPremise,Live,SPLA" PassParams="false" AvailableOffline="true" Client="All,Outlook,OutlookLaptopClient,OutlookWorkstationClient,Web" Entity="msnfp_designation">
              <Titles>
                <Title Title="Designations" LCID="1033" />
              </Titles>
            </SubArea>
            <SubArea Icon="/_imgs/imagestrips/transparent_spacer.gif" Id="NewSubArea_6aea8b28" Sku="All,OnPremise,Live,SPLA" PassParams="false" AvailableOffline="true" Client="All,Outlook,OutlookLaptopClient,OutlookWorkstationClient,Web" Entity="msnfp_paymentmethod">
              <Titles>
                <Title Title="Payment Methods" LCID="1033" />
              </Titles>
            </SubArea>
            <SubArea Icon="/_imgs/imagestrips/transparent_spacer.gif" Id="NewSubArea_3de47656" Sku="All,OnPremise,Live,SPLA" PassParams="false" AvailableOffline="true" Client="All,Outlook,OutlookLaptopClient,OutlookWorkstationClient,Web" Entity="msnfp_membershipcategory">
              <Titles>
                <Title Title="Membership Categories" LCID="1033" />
              </Titles>
            </SubArea>
            <SubArea Icon="/_imgs/imagestrips/transparent_spacer.gif" Id="NewSubArea_2e8c0f9c" Sku="All,OnPremise,Live,SPLA" PassParams="false" AvailableOffline="true" Client="All,Outlook,OutlookLaptopClient,OutlookWorkstationClient,Web" Entity="msnfp_resourcecatalog">
              <Titles>
                <Title Title="Resources Catalog" LCID="1033" />
              </Titles>
            </SubArea>
          </Group>
          <Group ResourceId="SitemapDesigner.NewGroup" Id="NewGroup_2d6d8714" ToolTipResourseId="SitemapDesigner.Unknown" IsProfile="false">
            <Titles>
              <Title Title="Workflow" LCID="1033" />
            </Titles>
            <SubArea Icon="/_imgs/imagestrips/transparent_spacer.gif" Id="NewSubArea_b139deb9" Sku="All,OnPremise,Live,SPLA" PassParams="false" AvailableOffline="true" Client="All,Outlook,OutlookLaptopClient,OutlookWorkstationClient,Web" Entity="task">
              <Titles>
                <Title Title="Tasks" LCID="1033" />
              </Titles>
            </SubArea>
            <SubArea Icon="/_imgs/imagestrips/transparent_spacer.gif" Id="NewSubArea_1b0a9187" Sku="All,OnPremise,Live,SPLA" PassParams="false" AvailableOffline="true" Client="All,Outlook,OutlookLaptopClient,OutlookWorkstationClient,Web" Entity="appointment">
              <Titles>
                <Title Title="Appointments" LCID="1033" />
              </Titles>
            </SubArea>
            <SubArea Icon="/_imgs/imagestrips/transparent_spacer.gif" Id="NewSubArea_fd02d376" Sku="All,OnPremise,Live,SPLA" PassParams="false" AvailableOffline="true" Client="All,Outlook,OutlookLaptopClient,OutlookWorkstationClient,Web" Entity="sharepointdocumentlocation">
              <Titles>
                <Title Title="Document Locations" LCID="1033" />
              </Titles>
            </SubArea>
          </Group>
        </Area>
      </SiteMap>
      <LocalizedNames>
        <LocalizedName description="Nonprofit Hub" languagecode="1033" />
      </LocalizedNames>
    </AppModuleSiteMap>
    <AppModuleSiteMap>
      <SiteMapUniqueName>new_Administration</SiteMapUniqueName>
      <SiteMap IntroducedVersion="7.0.0.0">
        <Area Id="New_Area" ResourceId="SitemapDesigner.NewArea" DescriptionResourceId="SitemapDesigner.NewArea" VectorIcon="/WebResources/msnfp_NonProfitAppLogo" Icon="/WebResources/msnfp_NonProfitAppLogo" ShowGroups="true" IntroducedVersion="7.0.0.0">
          <Titles>
            <Title LCID="1033" Title="Nonprofit" />
          </Titles>
          <Group Id="New_Group" ResourceId="SitemapDesigner.NewGroup" DescriptionResourceId="SitemapDesigner.NewGroup" IntroducedVersion="7.0.0.0" IsProfile="false" ToolTipResourseId="SitemapDesigner.Unknown">
            <Titles>
              <Title LCID="1033" Title="Administration" />
            </Titles>
            <SubArea Id="NewSubArea_08722332" Entity="msnfp_designation" Client="All,Outlook,OutlookLaptopClient,OutlookWorkstationClient,Web" AvailableOffline="true" PassParams="false" Sku="All,OnPremise,Live,SPLA" />
            <SubArea Id="NewSubArea_f9e03b55" Entity="msnfp_paymentmethod" Client="All,Outlook,OutlookLaptopClient,OutlookWorkstationClient,Web" AvailableOffline="true" PassParams="false" Sku="All,OnPremise,Live,SPLA" />
            <SubArea Id="NewSubArea_1ccb1d5" Entity="msnfp_membershipcategory" Client="All,Outlook,OutlookLaptopClient,OutlookWorkstationClient,Web" AvailableOffline="true" PassParams="false" Sku="All,OnPremise,Live,SPLA" />
            <SubArea Id="NewSubArea_5779e972" Icon="/_imgs/imagestrips/transparent_spacer.gif" Entity="msnfp_resourcecatalog" Client="All,Outlook,OutlookLaptopClient,OutlookWorkstationClient,Web" AvailableOffline="true" PassParams="false" Sku="All,OnPremise,Live,SPLA">
              <Titles>
                <Title LCID="1033" Title="Resources Catalog" />
              </Titles>
            </SubArea>
          </Group>
        </Area>
      </SiteMap>
      <LocalizedNames>
        <LocalizedName description="Administration" languagecode="1033" />
      </LocalizedNames>
    </AppModuleSiteMap>
    <AppModuleSiteMap>
      <SiteMapUniqueName>new_Awards</SiteMapUniqueName>
      <SiteMap IntroducedVersion="7.0.0.0">
        <Area IntroducedVersion="7.0.0.0" ShowGroups="true" Icon="/WebResources/msnfp_NonProfitAppLogo" VectorIcon="/WebResources/msnfp_NonProfitAppLogo" DescriptionResourceId="SitemapDesigner.NewArea" ResourceId="SitemapDesigner.NewArea" Id="New_Area">
          <Titles>
            <Title Title="Nonprofit" LCID="1033" />
          </Titles>
          <Group IntroducedVersion="7.0.0.0" DescriptionResourceId="SitemapDesigner.NewGroup" ResourceId="SitemapDesigner.NewGroup" Id="New_Group" ToolTipResourseId="SitemapDesigner.Unknown" IsProfile="false">
            <Titles>
              <Title Title="Awards" LCID="1033" />
            </Titles>
            <SubArea Icon="/_imgs/imagestrips/transparent_spacer.gif" Id="NewSubArea_55b6f36b" Sku="All,OnPremise,Live,SPLA" PassParams="false" AvailableOffline="true" Client="All,Outlook,OutlookLaptopClient,OutlookWorkstationClient,Web" Entity="msnfp_objective">
              <Titles>
                <Title Title="Objectives" LCID="1033" />
              </Titles>
            </SubArea>
            <SubArea Icon="/_imgs/imagestrips/transparent_spacer.gif" Id="NewSubArea_f932414" Sku="All,OnPremise,Live,SPLA" PassParams="false" AvailableOffline="true" Client="All,Outlook,OutlookLaptopClient,OutlookWorkstationClient,Web" Entity="msnfp_deliveryframework">
              <Titles>
                <Title Title="Delivery Frameworks" LCID="1033" />
              </Titles>
            </SubArea>
            <SubArea Icon="/_imgs/imagestrips/transparent_spacer.gif" Id="NewSubArea_1cddd56e" Sku="All,OnPremise,Live,SPLA" PassParams="false" AvailableOffline="true" Client="All,Outlook,OutlookLaptopClient,OutlookWorkstationClient,Web" Entity="msnfp_budget">
              <Titles>
                <Title Title="Budgets" LCID="1033" />
              </Titles>
            </SubArea>
            <SubArea IntroducedVersion="7.0.0.0" Icon="/_imgs/imagestrips/transparent_spacer.gif" Id="New_SubArea" Sku="All,OnPremise,Live,SPLA" PassParams="false" AvailableOffline="true" Client="All,Outlook,OutlookLaptopClient,OutlookWorkstationClient,Web" Entity="msnfp_docket">
              <Titles>
                <Title Title="Dockets" LCID="1033" />
              </Titles>
            </SubArea>
            <SubArea Icon="/_imgs/imagestrips/transparent_spacer.gif" Id="NewSubArea_001fcc9e" Sku="All,OnPremise,Live,SPLA" PassParams="false" AvailableOffline="true" Client="All,Outlook,OutlookLaptopClient,OutlookWorkstationClient,Web" Entity="msnfp_recommendation">
              <Titles>
                <Title Title="Recommendations" LCID="1033" />
              </Titles>
            </SubArea>
            <SubArea Icon="/_imgs/imagestrips/transparent_spacer.gif" Id="NewSubArea_db9005a7" Sku="All,OnPremise,Live,SPLA" PassParams="false" AvailableOffline="true" Client="All,Outlook,OutlookLaptopClient,OutlookWorkstationClient,Web" Entity="msnfp_request" />
            <SubArea Icon="/_imgs/imagestrips/transparent_spacer.gif" Id="NewSubArea_7bd00023" Sku="All,OnPremise,Live,SPLA" PassParams="false" AvailableOffline="true" Client="All,Outlook,OutlookLaptopClient,OutlookWorkstationClient,Web" Entity="msnfp_award">
              <Titles>
                <Title Title="Awards" LCID="1033" />
              </Titles>
            </SubArea>
            <SubArea Icon="/_imgs/imagestrips/transparent_spacer.gif" Id="NewSubArea_081df1b5" Sku="All,OnPremise,Live,SPLA" PassParams="false" AvailableOffline="true" Client="All,Outlook,OutlookLaptopClient,OutlookWorkstationClient,Web" Entity="msnfp_review">
              <Titles>
                <Title Title="Reviews" LCID="1033" />
              </Titles>
            </SubArea>
            <SubArea Icon="/_imgs/imagestrips/transparent_spacer.gif" Id="NewSubArea_080dc2ca" Sku="All,OnPremise,Live,SPLA" PassParams="false" AvailableOffline="true" Client="All,Outlook,OutlookLaptopClient,OutlookWorkstationClient,Web" Entity="msnfp_report">
              <Titles>
                <Title Title="Reports" LCID="1033" />
              </Titles>
            </SubArea>
            <SubArea Icon="/_imgs/imagestrips/transparent_spacer.gif" Id="NewSubArea_f46c84b4" Sku="All,OnPremise,Live,SPLA" PassParams="false" AvailableOffline="true" Client="All,Outlook,OutlookLaptopClient,OutlookWorkstationClient,Web" Entity="msnfp_disbursement">
              <Titles>
                <Title Title="Disbursements" LCID="1033" />
              </Titles>
            </SubArea>
            <SubArea Icon="/_imgs/imagestrips/transparent_spacer.gif" ResourceId="SitemapDesigner.NewSubArea" Id="NewSubArea_00f0c6d8" Sku="All,OnPremise,Live,SPLA" PassParams="false" AvailableOffline="true" Client="All,Outlook,OutlookLaptopClient,OutlookWorkstationClient,Web" Url="/workplace/home_dashboards.aspx">
              <Titles>
                <Title Title="Dashboard" LCID="1033" />
              </Titles>
            </SubArea>
          </Group>
        </Area>
        <Area ShowGroups="false" ResourceId="SitemapDesigner.NewArea" Id="NewArea_9507ae52">
          <Titles>
            <Title Title="Tested Costumization Area" LCID="1033" />
          </Titles>
          <Group ResourceId="SitemapDesigner.NewGroup" Id="NewGroup_38e2a609" ToolTipResourseId="SitemapDesigner.Unknown" IsProfile="false">
            <Titles>
              <Title Title="Test Group" LCID="1033" />
            </Titles>
            <SubArea Icon="/_imgs/imagestrips/transparent_spacer.gif" Id="NewSubArea_c65b369f" Sku="All,OnPremise,Live,SPLA" PassParams="false" AvailableOffline="true" Client="All,Outlook,OutlookLaptopClient,OutlookWorkstationClient,Web" Entity="activitypointer" />
          </Group>
        </Area>
      </SiteMap>
      <LocalizedNames>
        <LocalizedName description="Awards" languagecode="1033" />
      </LocalizedNames>
    </AppModuleSiteMap>
    <AppModuleSiteMap>
      <SiteMapUniqueName>new_DeliveryFramework</SiteMapUniqueName>
      <SiteMap IntroducedVersion="7.0.0.0">
        <Area IntroducedVersion="7.0.0.0" ShowGroups="true" Icon="/WebResources/msnfp_NonProfitAppLogo" VectorIcon="/WebResources/msnfp_NonProfitAppLogo" DescriptionResourceId="SitemapDesigner.NewArea" ResourceId="SitemapDesigner.NewArea" Id="New_Area">
          <Titles>
            <Title Title="Nonprofit" LCID="1033" />
          </Titles>
          <Group IntroducedVersion="7.0.0.0" DescriptionResourceId="SitemapDesigner.NewGroup" ResourceId="SitemapDesigner.NewGroup" Id="New_Group" ToolTipResourseId="SitemapDesigner.Unknown" IsProfile="false">
            <Titles>
              <Title Title="Delivery Framework" LCID="1033" />
            </Titles>
            <SubArea Icon="/_imgs/imagestrips/transparent_spacer.gif" Id="NewSubArea_3555fb8e8" Sku="All,OnPremise,Live,SPLA" PassParams="false" AvailableOffline="true" Client="All,Outlook,OutlookLaptopClient,OutlookWorkstationClient,Web" Entity="msnfp_objective">
              <Titles>
                <Title Title="Objectives" LCID="1033" />
              </Titles>
            </SubArea>
            <SubArea Icon="/_imgs/imagestrips/transparent_spacer.gif" Id="NewSubArea_6d79997" Sku="All,OnPremise,Live,SPLA" PassParams="false" AvailableOffline="true" Client="All,Outlook,OutlookLaptopClient,OutlookWorkstationClient,Web" Entity="msnfp_deliveryframework">
              <Titles>
                <Title Title="Delivery Frameworks" LCID="1033" />
              </Titles>
            </SubArea>
            <SubArea Icon="/WebResources/msnfp_grantrequestsvg" VectorIcon="/WebResources/msnfp_grantrequestsvg" ResourceId="SitemapDesigner.NewSubArea" Id="NewSubArea_b14b262c" Sku="All,OnPremise,Live,SPLA" PassParams="false" AvailableOffline="true" Client="All,Outlook,OutlookLaptopClient,OutlookWorkstationClient,Web" Url="/main.aspx?pagetype=entitylist&amp;etn=msnfp_deliveryframework&amp;viewid={E7DAEBFB-D4E1-E811-A965-000D3A37839B}">
              <Titles>
                <Title Title="Programs" LCID="1033" />
              </Titles>
            </SubArea>
            <SubArea Icon="/WebResources/msnfp_grantrequestsvg" VectorIcon="/WebResources/msnfp_grantrequestsvg" ResourceId="SitemapDesigner.NewSubArea" Id="NewSubArea_2f41b144" Sku="All,OnPremise,Live,SPLA" PassParams="false" AvailableOffline="true" Client="All,Outlook,OutlookLaptopClient,OutlookWorkstationClient,Web" Url="/main.aspx?pagetype=entitylist&amp;etn=msnfp_deliveryframework&amp;viewid={738FA81B-D5E1-E811-A965-000D3A37839B}">
              <Titles>
                <Title Title="Projects" LCID="1033" />
              </Titles>
            </SubArea>
            <SubArea Icon="/_imgs/imagestrips/transparent_spacer.gif" Id="NewSubArea_13e5e0b5" Sku="All,OnPremise,Live,SPLA" PassParams="false" AvailableOffline="true" Client="All,Outlook,OutlookLaptopClient,OutlookWorkstationClient,Web" Entity="msnfp_budget">
              <Titles>
                <Title Title="Budgets" LCID="1033" />
              </Titles>
            </SubArea>
            <SubArea Icon="/_imgs/imagestrips/transparent_spacer.gif" Id="NewSubArea_5601fca1" Sku="All,OnPremise,Live,SPLA" PassParams="false" AvailableOffline="true" Client="All,Outlook,OutlookLaptopClient,OutlookWorkstationClient,Web" Entity="msnfp_result">
              <Titles>
                <Title Title="Results" LCID="1033" />
              </Titles>
            </SubArea>
            <SubArea Icon="/_imgs/imagestrips/transparent_spacer.gif" Id="NewSubArea_d404bb4b" Sku="All,OnPremise,Live,SPLA" PassParams="false" AvailableOffline="true" Client="All,Outlook,OutlookLaptopClient,OutlookWorkstationClient,Web" Entity="msnfp_indicator">
              <Titles>
                <Title Title="Indicators" LCID="1033" />
              </Titles>
            </SubArea>
            <SubArea Icon="/_imgs/imagestrips/transparent_spacer.gif" Id="NewSubArea_fc3b4d2e" Sku="All,OnPremise,Live,SPLA" PassParams="false" AvailableOffline="true" Client="All,Outlook,OutlookLaptopClient,OutlookWorkstationClient,Web" Entity="msnfp_indicatorvalue">
              <Titles>
                <Title Title="Indicator Values" LCID="1033" />
              </Titles>
            </SubArea>
            <SubArea Icon="/_imgs/imagestrips/transparent_spacer.gif" DescriptionResourceId="Dashboards_Description" ResourceId="Homepage_Dashboards" Id="NewSubArea_ed46f418" Sku="All,OnPremise,Live,SPLA" PassParams="false" AvailableOffline="true" Client="All,Outlook,OutlookLaptopClient,OutlookWorkstationClient,Web" Url="/workplace/home_dashboards.aspx" DefaultDashboard="7059ff20-a687-e911-a960-000d3a37f702">
              <Titles>
                <Title Title="Dashboard" LCID="1033" />
              </Titles>
            </SubArea>
          </Group>
        </Area>
      </SiteMap>
      <LocalizedNames>
        <LocalizedName description="Delivery Framework" languagecode="1033" />
      </LocalizedNames>
    </AppModuleSiteMap>
    <AppModuleSiteMap>
      <SiteMapUniqueName>new_Donation</SiteMapUniqueName>
      <SiteMap IntroducedVersion="7.0.0.0">
        <Area Id="New_Area" ResourceId="SitemapDesigner.NewArea" DescriptionResourceId="SitemapDesigner.NewArea" VectorIcon="/WebResources/msnfp_NonProfitAppLogo" Icon="/WebResources/msnfp_NonProfitAppLogo" ShowGroups="true" IntroducedVersion="7.0.0.0">
          <Titles>
            <Title LCID="1033" Title="Nonprofit" />
          </Titles>
          <Group Id="NewGroup_ae0032a6" ResourceId="SitemapDesigner.NewGroup" IsProfile="false" ToolTipResourseId="SitemapDesigner.Unknown">
            <Titles>
              <Title LCID="1033" Title="Contituents" />
            </Titles>
            <SubArea Id="NewSubArea_9ef62997" Icon="/_imgs/imagestrips/transparent_spacer.gif" Entity="contact" Client="All,Outlook,OutlookLaptopClient,OutlookWorkstationClient,Web" AvailableOffline="true" PassParams="false" Sku="All,OnPremise,Live,SPLA">
              <Titles>
                <Title LCID="1033" Title="Individuals" />
              </Titles>
            </SubArea>
            <SubArea Id="NewSubArea_4f8396cd" ResourceId="SitemapDesigner.NewSubArea" VectorIcon="/WebResources/msnfp_donorsvg" Icon="/WebResources/msnfp_donorsvg" Url="/main.aspx?pagetype=entitylist&amp;etn=contact&amp;viewid={cf955fa0-92d7-e811-a960-000d3a378f36}" Client="All,Outlook,OutlookLaptopClient,OutlookWorkstationClient,Web" AvailableOffline="true" PassParams="false" Sku="All,OnPremise,Live,SPLA">
              <Titles>
                <Title LCID="1033" Title="Donors" />
              </Titles>
            </SubArea>
            <SubArea Id="NewSubArea_17907aad" ResourceId="SitemapDesigner.NewSubArea" VectorIcon="/WebResources/msnfp_accountsvg" Icon="/WebResources/msnfp_accountsvg" Url="/main.aspx?pagetype=entitylist&amp;etn=account&amp;viewid={24e7af6c-5fdc-e811-a962-000d3a3780dd}" Client="All,Outlook,OutlookLaptopClient,OutlookWorkstationClient,Web" AvailableOffline="true" PassParams="false" Sku="All,OnPremise,Live,SPLA">
              <Titles>
                <Title LCID="1033" Title="Households" />
              </Titles>
            </SubArea>
            <SubArea Id="NewSubArea_fd4878ee" Icon="/_imgs/imagestrips/transparent_spacer.gif" Entity="account" Client="All,Outlook,OutlookLaptopClient,OutlookWorkstationClient,Web" AvailableOffline="true" PassParams="false" Sku="All,OnPremise,Live,SPLA">
              <Titles>
                <Title LCID="1033" Title="Accounts" />
              </Titles>
            </SubArea>
            <SubArea Id="NewSubArea_70e54151" ResourceId="SitemapDesigner.NewSubArea" VectorIcon="/WebResources/msnfp_accountsvg" Icon="/WebResources/msnfp_accountsvg" Url="/main.aspx?pagetype=entitylist&amp;etn=account&amp;viewid={b4045ebc-cbd3-e811-a960-000d3a37870e}" Client="All,Outlook,OutlookLaptopClient,OutlookWorkstationClient,Web" AvailableOffline="true" PassParams="false" Sku="All,OnPremise,Live,SPLA">
              <Titles>
                <Title LCID="1033" Title="Organizations" />
              </Titles>
            </SubArea>
            <SubArea Id="NewSubArea_bb77e5ed" ResourceId="SitemapDesigner.NewSubArea" VectorIcon="/WebResources/msnfp_donorsvg" Icon="/WebResources/msnfp_donorsvg" Url="/main.aspx?pagetype=entitylist&amp;etn=msnfp_benefitrecipient&amp;viewid={e244d49c-b6bf-4575-9c2e-1d17faf4acb7}" Client="All,Outlook,OutlookLaptopClient,OutlookWorkstationClient,Web" AvailableOffline="true" PassParams="false" Sku="All,OnPremise,Live,SPLA">
              <Titles>
                <Title LCID="1033" Title="Benefit Recipient" />
              </Titles>
            </SubArea>
            <SubArea Id="NewSubArea_dec69eb48" ResourceId="Homepage_Dashboards" DescriptionResourceId="Dashboards_Description" Icon="/_imgs/imagestrips/transparent_spacer.gif" Url="/workplace/home_dashboards.aspx" DefaultDashboard="41e0b21c-d8d3-e811-a960-000d3a37870e" Client="All,Outlook,OutlookLaptopClient,OutlookWorkstationClient,Web" AvailableOffline="true" PassParams="false" Sku="All,OnPremise,Live,SPLA">
              <Titles>
                <Title LCID="1033" Title="Dashboard" />
              </Titles>
            </SubArea>
          </Group>
        </Area>
      </SiteMap>
      <LocalizedNames>
        <LocalizedName description="Constituents" languagecode="1033" />
      </LocalizedNames>
    </AppModuleSiteMap>
    <AppModuleSiteMap>
      <SiteMapUniqueName>new_Fundraising</SiteMapUniqueName>
      <SiteMap IntroducedVersion="7.0.0.0">
        <Area Id="NewArea_4ea02d1a" ResourceId="SitemapDesigner.NewArea" VectorIcon="/WebResources/msnfp_NonProfitAppLogo" Icon="/WebResources/msnfp_NonProfitAppLogo" ShowGroups="false">
          <Titles>
            <Title LCID="1033" Title="Nonprofit" />
          </Titles>
          <Group Id="NewGroup_882d1b6c" ResourceId="SitemapDesigner.NewGroup" IsProfile="false" ToolTipResourseId="SitemapDesigner.Unknown">
            <Titles>
              <Title LCID="1033" Title="Fundraising" />
            </Titles>
            <SubArea Id="NewSubArea_77adbf24" Icon="/_imgs/imagestrips/transparent_spacer.gif" Entity="msnfp_donorcommitment" Client="All,Outlook,OutlookLaptopClient,OutlookWorkstationClient,Web" AvailableOffline="true" PassParams="false" Sku="All,OnPremise,Live,SPLA" />
            <SubArea Id="NewSubArea_bf3fe4a7" Icon="/_imgs/imagestrips/transparent_spacer.gif" Entity="msnfp_transaction" Client="All,Outlook,OutlookLaptopClient,OutlookWorkstationClient,Web" AvailableOffline="true" PassParams="false" Sku="All,OnPremise,Live,SPLA">
              <Titles>
                <Title LCID="1033" Title="Transactions" />
              </Titles>
            </SubArea>
            <SubArea Id="NewSubArea_d1bc65bb" Icon="/_imgs/imagestrips/transparent_spacer.gif" Entity="msnfp_plannedgiving" Client="All,Outlook,OutlookLaptopClient,OutlookWorkstationClient,Web" AvailableOffline="true" PassParams="false" Sku="All,OnPremise,Live,SPLA" />
            <SubArea Id="NewSubArea_9325fff8" Icon="/_imgs/imagestrips/transparent_spacer.gif" Entity="msnfp_membership" Client="All,Outlook,OutlookLaptopClient,OutlookWorkstationClient,Web" AvailableOffline="true" PassParams="false" Sku="All,OnPremise,Live,SPLA">
              <Titles>
                <Title LCID="1033" Title="Memberships" />
              </Titles>
            </SubArea>
            <SubArea Id="NewSubArea_2f6b567c" Icon="/_imgs/imagestrips/transparent_spacer.gif" Entity="msnfp_designation" Client="All,Outlook,OutlookLaptopClient,OutlookWorkstationClient,Web" AvailableOffline="true" PassParams="false" Sku="All,OnPremise,Live,SPLA">
              <Titles>
                <Title LCID="1033" Title="Designations" />
              </Titles>
            </SubArea>
            <SubArea Id="NewSubArea_8601f9f5" ResourceId="SitemapDesigner.NewSubArea" Icon="/_imgs/imagestrips/transparent_spacer.gif" Url="/workplace/home_dashboards.aspx" Client="All,Outlook,OutlookLaptopClient,OutlookWorkstationClient,Web" AvailableOffline="true" PassParams="false" Sku="All,OnPremise,Live,SPLA">
              <Titles>
                <Title LCID="1033" Title="Dashboard" />
              </Titles>
            </SubArea>
          </Group>
        </Area>
      </SiteMap>
      <LocalizedNames>
        <LocalizedName description="Fundraising" languagecode="1033" />
      </LocalizedNames>
    </AppModuleSiteMap>
  </AppModuleSiteMaps>
  <AppModules>
    <AppModule>
      <UniqueName>msnfp_NonprofitAccelerator</UniqueName>
      <IntroducedVersion>1.0.2</IntroducedVersion>
      <WebResourceId>fcf6775b-1fb9-e911-a966-000d3a1bc2d1</WebResourceId>
      <OptimizedFor></OptimizedFor>
      <WelcomePageId>3c82cd69-af83-e911-a960-000d3a37f702</WelcomePageId>
      <FormFactor>1</FormFactor>
      <ClientType>4</ClientType>
      <NavigationType>0</NavigationType>
      <AppModuleComponents>
        <AppModuleComponent type="62" schemaName="msnfp_NonprofitAccelerator" />
        <AppModuleComponent type="1" schemaName="account" />
        <AppModuleComponent type="1" schemaName="appointment" />
        <AppModuleComponent type="1" schemaName="msnfp_award" />
        <AppModuleComponent type="1" schemaName="msnfp_benefitrecipient" />
        <AppModuleComponent type="1" schemaName="msnfp_budget" />
        <AppModuleComponent type="1" schemaName="contact" />
        <AppModuleComponent type="1" schemaName="msnfp_creditplan" />
        <AppModuleComponent type="1" schemaName="msnfp_creditrecipient" />
        <AppModuleComponent type="1" schemaName="msnfp_deliveryframework" />
        <AppModuleComponent type="1" schemaName="msnfp_designatedcredit" />
        <AppModuleComponent type="1" schemaName="msnfp_designation" />
        <AppModuleComponent type="1" schemaName="msnfp_designationplan" />
        <AppModuleComponent type="1" schemaName="msnfp_docket" />
        <AppModuleComponent type="1" schemaName="sharepointdocumentlocation" />
        <AppModuleComponent type="1" schemaName="msnfp_donorcommitment" />
        <AppModuleComponent type="1" schemaName="msnfp_education" />
        <AppModuleComponent type="1" schemaName="msnfp_employmenthistory" />
        <AppModuleComponent type="1" schemaName="msnfp_indicator" />
        <AppModuleComponent type="1" schemaName="msnfp_indicatorvalue" />
        <AppModuleComponent type="1" schemaName="msnfp_membership" />
        <AppModuleComponent type="1" schemaName="msnfp_membershipcategory" />
        <AppModuleComponent type="1" schemaName="msnfp_objective" />
        <AppModuleComponent type="1" schemaName="msnfp_ofacmatch" />
        <AppModuleComponent type="1" schemaName="msnfp_paymentasset" />
        <AppModuleComponent type="1" schemaName="msnfp_paymentmethod" />
        <AppModuleComponent type="1" schemaName="msnfp_paymentprocessor" />
        <AppModuleComponent type="1" schemaName="msnfp_paymentschedule" />
        <AppModuleComponent type="1" schemaName="msnfp_plannedgiving" />
        <AppModuleComponent type="1" schemaName="msnfp_preference" />
        <AppModuleComponent type="1" schemaName="msnfp_recommendation" />
        <AppModuleComponent type="1" schemaName="msnfp_report" />
        <AppModuleComponent type="1" schemaName="msnfp_request" />
        <AppModuleComponent type="1" schemaName="msnfp_resourcecatalog" />
        <AppModuleComponent type="1" schemaName="msnfp_result" />
        <AppModuleComponent type="1" schemaName="msnfp_review" />
        <AppModuleComponent type="1" schemaName="msnfp_salutation" />
        <AppModuleComponent type="1" schemaName="task" />
        <AppModuleComponent type="1" schemaName="msnfp_transaction" />
      </AppModuleComponents>
      <AppModuleRoleMaps>
        <Role id="{119f245c-3cc8-4b62-b31c-d1a046ced15d}" />
        <Role id="{627090ff-40a3-4053-8790-584edc5be201}" />
      </AppModuleRoleMaps>
      <LocalizedNames>
        <LocalizedName description="Nonprofit Hub" languagecode="1033" />
      </LocalizedNames>
      <Descriptions>
        <Description description="Enable nonprofit capabilities for organizations" languagecode="1033" />
      </Descriptions>
    </AppModule>
    <AppModule>
      <UniqueName>new_Awards</UniqueName>
      <IntroducedVersion>1.0</IntroducedVersion>
      <WebResourceId>953b9fac-1e5e-e611-80d6-00155ded156f</WebResourceId>
      <OptimizedFor></OptimizedFor>
      <WelcomePageId>3c82cd69-af83-e911-a960-000d3a37f702</WelcomePageId>
      <FormFactor>1</FormFactor>
      <ClientType>4</ClientType>
      <NavigationType>0</NavigationType>
      <AppModuleComponents>
        <AppModuleComponent type="62" schemaName="new_Awards" />
        <AppModuleComponent type="1" schemaName="activitypointer" />
        <AppModuleComponent type="1" schemaName="msnfp_award" />
        <AppModuleComponent type="1" schemaName="msnfp_budget" />
        <AppModuleComponent type="1" schemaName="msnfp_deliveryframework" />
        <AppModuleComponent type="1" schemaName="msnfp_disbursement" />
        <AppModuleComponent type="1" schemaName="msnfp_docket" />
        <AppModuleComponent type="1" schemaName="msnfp_objective" />
        <AppModuleComponent type="1" schemaName="msnfp_recommendation" />
        <AppModuleComponent type="1" schemaName="msnfp_report" />
        <AppModuleComponent type="1" schemaName="msnfp_request" />
        <AppModuleComponent type="1" schemaName="msnfp_review" />
      </AppModuleComponents>
      <AppModuleRoleMaps>
        <Role id="{119f245c-3cc8-4b62-b31c-d1a046ced15d}" />
        <Role id="{627090ff-40a3-4053-8790-584edc5be201}" />
      </AppModuleRoleMaps>
      <LocalizedNames>
        <LocalizedName description="Awards" languagecode="1033" />
      </LocalizedNames>
      <Descriptions>
        <Description description="End-to-end grant and award management" languagecode="1033" />
      </Descriptions>
    </AppModule>
    <AppModule>
      <UniqueName>new_Administration</UniqueName>
      <IntroducedVersion>1.0</IntroducedVersion>
      <WebResourceId>787f8e5e-1db9-e911-a966-000d3a1bc2d1</WebResourceId>
      <OptimizedFor></OptimizedFor>
      <WelcomePageId>3c82cd69-af83-e911-a960-000d3a37f702</WelcomePageId>
      <FormFactor>1</FormFactor>
      <ClientType>4</ClientType>
      <NavigationType>0</NavigationType>
      <AppModuleComponents>
        <AppModuleComponent type="62" schemaName="new_Administration" />
        <AppModuleComponent type="1" schemaName="msnfp_designation" />
        <AppModuleComponent type="1" schemaName="msnfp_membershipcategory" />
        <AppModuleComponent type="1" schemaName="msnfp_paymentmethod" />
        <AppModuleComponent type="1" schemaName="msnfp_resourcecatalog" />
      </AppModuleComponents>
      <AppModuleRoleMaps>
        <Role id="{119f245c-3cc8-4b62-b31c-d1a046ced15d}" />
        <Role id="{627090ff-40a3-4053-8790-584edc5be201}" />
      </AppModuleRoleMaps>
      <LocalizedNames>
        <LocalizedName description="Administration" languagecode="1033" />
      </LocalizedNames>
      <Descriptions>
        <Description description="Administration Model" languagecode="1033" />
      </Descriptions>
    </AppModule>
    <AppModule>
      <UniqueName>new_Donation</UniqueName>
      <IntroducedVersion>1.0</IntroducedVersion>
      <WebResourceId>6e26fddf-1db9-e911-a966-000d3a1bc2d1</WebResourceId>
      <OptimizedFor></OptimizedFor>
      <WelcomePageId>3c82cd69-af83-e911-a960-000d3a37f702</WelcomePageId>
      <FormFactor>1</FormFactor>
      <ClientType>4</ClientType>
      <NavigationType>0</NavigationType>
      <AppModuleComponents>
        <AppModuleComponent type="62" schemaName="new_Donation" />
        <AppModuleComponent type="1" schemaName="account" />
        <AppModuleComponent type="1" schemaName="msnfp_benefitrecipient" />
        <AppModuleComponent type="1" schemaName="contact" />
      </AppModuleComponents>
      <AppModuleRoleMaps>
        <Role id="{627090ff-40a3-4053-8790-584edc5be201}" />
        <Role id="{119f245c-3cc8-4b62-b31c-d1a046ced15d}" />
      </AppModuleRoleMaps>
      <LocalizedNames>
        <LocalizedName description="Constituents" languagecode="1033" />
      </LocalizedNames>
      <Descriptions>
        <Description description="Track nonprofit constituents, i.e. individuals, households" languagecode="1033" />
      </Descriptions>
    </AppModule>
    <AppModule>
      <UniqueName>new_Fundraising</UniqueName>
      <IntroducedVersion>1.0</IntroducedVersion>
      <WebResourceId>e8dd7fc7-1eb9-e911-a966-000d3a1bc2d1</WebResourceId>
      <OptimizedFor></OptimizedFor>
      <WelcomePageId>3c82cd69-af83-e911-a960-000d3a37f702</WelcomePageId>
      <FormFactor>1</FormFactor>
      <ClientType>4</ClientType>
      <NavigationType>0</NavigationType>
      <AppModuleComponents>
        <AppModuleComponent type="62" schemaName="new_Fundraising" />
        <AppModuleComponent type="1" schemaName="msnfp_donorcommitment" />
        <AppModuleComponent type="1" schemaName="msnfp_membership" />
        <AppModuleComponent type="1" schemaName="msnfp_plannedgiving" />
        <AppModuleComponent type="1" schemaName="msnfp_transaction" />
      </AppModuleComponents>
      <AppModuleRoleMaps>
        <Role id="{119f245c-3cc8-4b62-b31c-d1a046ced15d}" />
        <Role id="{627090ff-40a3-4053-8790-584edc5be201}" />
      </AppModuleRoleMaps>
      <LocalizedNames>
        <LocalizedName description="Fundraising" languagecode="1033" />
      </LocalizedNames>
      <Descriptions>
        <Description description="Fundraising end-to-end across gift types" languagecode="1033" />
      </Descriptions>
    </AppModule>
    <AppModule>
      <UniqueName>new_DeliveryFramework</UniqueName>
      <IntroducedVersion>1.0</IntroducedVersion>
      <WebResourceId>8568db0a-1eb9-e911-a966-000d3a1bc2d1</WebResourceId>
      <OptimizedFor></OptimizedFor>
      <WelcomePageId>3c82cd69-af83-e911-a960-000d3a37f702</WelcomePageId>
      <FormFactor>1</FormFactor>
      <ClientType>4</ClientType>
      <NavigationType>0</NavigationType>
      <AppModuleComponents>
        <AppModuleComponent type="62" schemaName="new_DeliveryFramework" />
        <AppModuleComponent type="1" schemaName="msnfp_budget" />
        <AppModuleComponent type="1" schemaName="msnfp_deliveryframework" />
        <AppModuleComponent type="1" schemaName="msnfp_indicator" />
        <AppModuleComponent type="1" schemaName="msnfp_indicatorvalue" />
        <AppModuleComponent type="1" schemaName="msnfp_objective" />
        <AppModuleComponent type="1" schemaName="msnfp_result" />
      </AppModuleComponents>
      <AppModuleRoleMaps>
        <Role id="{627090ff-40a3-4053-8790-584edc5be201}" />
        <Role id="{119f245c-3cc8-4b62-b31c-d1a046ced15d}" />
      </AppModuleRoleMaps>
      <LocalizedNames>
        <LocalizedName description="Delivery Framework" languagecode="1033" />
      </LocalizedNames>
      <Descriptions>
        <Description description="Management of program delivery activities" languagecode="1033" />
      </Descriptions>
    </AppModule>
  </AppModules>
  <EntityDataProviders />
  <Languages>
    <Language>1033</Language>
  </Languages>
</ImportExportXml>