{
    "schemaVersion": "0.6.0",
    "imports": [
        {
            "uri": "_allImports.cdm.json"
        }
    ],
    "definitions": [
        {
            "entityName": "Account",
            "extendsEntity": "base_Account/Account",
            "hasAttributes": [
                {
                    "attributeGroupReference": {
                        "attributeGroupName": "attributesAddedAtThisScope",
                        "exhibitsTraits": [
                            {
                                "traitReference": "is.CDM.attributeGroup",
                                "arguments": [
                                    {
                                        "entityReference": {
                                            "entityShape": "attributeGroupSet",
                                            "constantValues": [
                                                [
                                                    "/core/applicationCommon/foundationCommon/Account.cdm.json/Account/hasAttributes/attributesAddedAtThisScope"
                                                ]
                                            ]
                                        }
                                    }
                                ]
                            }
                        ],
                        "members": [
                            {
                                "relationship": {
                                    "relationshipReference": "referencesA",
                                    "appliedTraits": [
                                        {
                                            "traitReference": "referencesA/exhibitsTraits/does.referenceEntity",
                                            "arguments": [
                                                {
                                                    "explanation": "This 'referencesA' relationship to the entity 'PriceList' adds the 'defaultPriceLevelId' attribute below to the 'Account' entity as a key",
                                                    "name": "addedAttribute",
                                                    "value": {
                                                        "name": "defaultPriceLevelId",
                                                        "relationship": "hasA",
                                                        "dataType": "entityId",
                                                        "appliedTraits": [
                                                            {
                                                                "traitReference": "is.CDS.lookup",
                                                                "arguments": [
                                                                    {
                                                                        "name": "style",
                                                                        "value": "single"
                                                                    }
                                                                ]
                                                            },
                                                            {
                                                                "traitReference": "is.requiredAtLevel",
                                                                "arguments": [
                                                                    {
                                                                        "name": "level",
                                                                        "value": "none"
                                                                    }
                                                                ]
                                                            },
                                                            {
                                                                "traitReference": "is.localized.displayedAs",
                                                                "arguments": [
                                                                    {
                                                                        "entityReference": {
                                                                            "entityShape": "localizedTable",
                                                                            "constantValues": [
                                                                                [
                                                                                    "en",
                                                                                    "Price List"
                                                                                ]
                                                                            ]
                                                                        }
                                                                    }
                                                                ]
                                                            },
                                                            {
                                                                "traitReference": "is.localized.describedAs",
                                                                "arguments": [
                                                                    {
                                                                        "entityReference": {
                                                                            "entityShape": "localizedTable",
                                                                            "constantValues": [
                                                                                [
                                                                                    "en",
                                                                                    "Choose the default price list associated with the account to make sure the correct product prices for this customer are applied in sales opportunities, quotes, and orders."
                                                                                ]
                                                                            ]
                                                                        }
                                                                    }
                                                                ]
                                                            }
                                                        ],
                                                        "sourceName": "defaultpricelevelid",
                                                        "sourceOrdering": 10000,
                                                        "isNullable": true,
                                                        "displayName": "Price List",
                                                        "description": "Choose the default price list associated with the account to make sure the correct product prices for this customer are applied in sales opportunities, quotes, and orders."
                                                    }
                                                }
                                            ]
                                        }
                                    ]
                                },
                                "entity": {
                                    "entityReference": "PriceList",
                                    "appliedTraits": [
                                        {
                                            "traitReference": "is.identifiedBy",
                                            "arguments": [
                                                "PriceList/(resolvedAttributes)/priceLevelId"
                                            ]
                                        }
                                    ]
                                }
                            }
                        ]
                    }
                }
            ]
        }
    ]
}