{
    "schemaVersion": "0.6.0",
    "imports": [
        {
            "uri": "_allImports.cdm.json"
        }
    ],
    "definitions": [
        {
            "entityName": "OpportunityCompetitors",
            "extendsEntity": "CdmObject",
            "exhibitsTraits": [
                {
                    "traitReference": "is.localized.displayedAs",
                    "arguments": [
                        {
                            "entityReference": {
                                "entityShape": "localizedTable",
                                "constantValues": [
                                    [
                                        "en",
                                        "OpportunityCompetitors"
                                    ]
                                ]
                            }
                        }
                    ]
                }
            ],
            "displayName": "OpportunityCompetitors",
            "sourceName": "OpportunityCompetitors",
            "hasAttributes": [
                {
                    "attributeGroupReference": {
                        "attributeGroupName": "attributesAddedAtThisScope",
                        "exhibitsTraits": [
                            {
                                "traitReference": "is.CDM.attributeGroup",
                                "arguments": [
                                    {
                                        "entityReference": {
                                            "entityShape": "attributeGroupSet",
                                            "constantValues": [
                                                [
                                                    "/core/applicationCommon/foundationCommon/crmCommon/sales/OpportunityCompetitors.cdm.json/OpportunityCompetitors/hasAttributes/attributesAddedAtThisScope"
                                                ]
                                            ]
                                        }
                                    }
                                ]
                            }
                        ],
                        "members": [
                            {
                                "name": "opportunityCompetitorId",
                                "relationship": "identifiedBy",
                                "dataType": "entityId",
                                "appliedTraits": [
                                    {
                                        "traitReference": "is.requiredAtLevel",
                                        "arguments": [
                                            {
                                                "name": "level",
                                                "value": "systemrequired"
                                            }
                                        ]
                                    },
                                    {
                                        "traitReference": "is.localized.describedAs",
                                        "arguments": [
                                            {
                                                "entityReference": {
                                                    "entityShape": "localizedTable",
                                                    "constantValues": [
                                                        [
                                                            "en",
                                                            "Unique identifier of the opportunity competitor."
                                                        ]
                                                    ]
                                                }
                                            }
                                        ]
                                    }
                                ],
                                "sourceName": "opportunitycompetitorid",
                                "sourceOrdering": 10000,
                                "description": "Unique identifier of the opportunity competitor."
                            },
                            {
                                "name": "versionNumber",
                                "relationship": "hasA",
                                "dataType": "bigInteger",
                                "appliedTraits": [
                                    {
                                        "traitReference": "is.requiredAtLevel",
                                        "arguments": [
                                            {
                                                "name": "level",
                                                "value": "none"
                                            }
                                        ]
                                    },
                                    {
                                        "traitReference": "is.localized.displayedAs",
                                        "arguments": [
                                            {
                                                "entityReference": {
                                                    "entityShape": "localizedTable",
                                                    "constantValues": [
                                                        [
                                                            "en",
                                                            "Version Number"
                                                        ]
                                                    ]
                                                }
                                            }
                                        ]
                                    },
                                    {
                                        "traitReference": "is.localized.describedAs",
                                        "arguments": [
                                            {
                                                "entityReference": {
                                                    "entityShape": "localizedTable",
                                                    "constantValues": [
                                                        [
                                                            "en",
                                                            "Version Number"
                                                        ]
                                                    ]
                                                }
                                            }
                                        ]
                                    }
                                ],
                                "sourceName": "versionnumber",
                                "sourceOrdering": 10001,
                                "isNullable": true,
                                "displayName": "Version Number",
                                "description": "Version Number"
                            },
                            {
                                "name": "importSequenceNumber",
                                "relationship": "hasA",
                                "dataType": "integer",
                                "appliedTraits": [
                                    {
                                        "traitReference": "is.requiredAtLevel",
                                        "arguments": [
                                            {
                                                "name": "level",
                                                "value": "none"
                                            }
                                        ]
                                    },
                                    {
                                        "traitReference": "is.localized.displayedAs",
                                        "arguments": [
                                            {
                                                "entityReference": {
                                                    "entityShape": "localizedTable",
                                                    "constantValues": [
                                                        [
                                                            "en",
                                                            "Import Sequence Number"
                                                        ]
                                                    ]
                                                }
                                            }
                                        ]
                                    },
                                    {
                                        "traitReference": "is.localized.describedAs",
                                        "arguments": [
                                            {
                                                "entityReference": {
                                                    "entityShape": "localizedTable",
                                                    "constantValues": [
                                                        [
                                                            "en",
                                                            "Sequence number of the import that created this record."
                                                        ]
                                                    ]
                                                }
                                            }
                                        ]
                                    }
                                ],
                                "sourceName": "importsequencenumber",
                                "maximumValue": "2147483647",
                                "minimumValue": "-2147483648",
                                "sourceOrdering": 10002,
                                "isNullable": true,
                                "displayName": "Import Sequence Number",
                                "description": "Sequence number of the import that created this record."
                            },
                            {
                                "name": "overriddenCreatedOn",
                                "relationship": "createdOn",
                                "dataType": "dateTime",
                                "appliedTraits": [
                                    {
                                        "traitReference": "is.requiredAtLevel",
                                        "arguments": [
                                            {
                                                "name": "level",
                                                "value": "none"
                                            }
                                        ]
                                    },
                                    {
                                        "traitReference": "is.localized.displayedAs",
                                        "arguments": [
                                            {
                                                "entityReference": {
                                                    "entityShape": "localizedTable",
                                                    "constantValues": [
                                                        [
                                                            "en",
                                                            "Record Created On"
                                                        ]
                                                    ]
                                                }
                                            }
                                        ]
                                    },
                                    {
                                        "traitReference": "is.localized.describedAs",
                                        "arguments": [
                                            {
                                                "entityReference": {
                                                    "entityShape": "localizedTable",
                                                    "constantValues": [
                                                        [
                                                            "en",
                                                            "Date and time that the record was migrated."
                                                        ]
                                                    ]
                                                }
                                            }
                                        ]
                                    }
                                ],
                                "sourceName": "overriddencreatedon",
                                "sourceOrdering": 10003,
                                "isNullable": true,
                                "displayName": "Record Created On",
                                "description": "Date and time that the record was migrated."
                            },
                            {
                                "name": "timeZoneRuleVersionNumber",
                                "relationship": "hasA",
                                "dataType": "integer",
                                "appliedTraits": [
                                    {
                                        "traitReference": "is.requiredAtLevel",
                                        "arguments": [
                                            {
                                                "name": "level",
                                                "value": "none"
                                            }
                                        ]
                                    },
                                    {
                                        "traitReference": "is.localized.displayedAs",
                                        "arguments": [
                                            {
                                                "entityReference": {
                                                    "entityShape": "localizedTable",
                                                    "constantValues": [
                                                        [
                                                            "en",
                                                            "Time Zone Rule Version Number"
                                                        ]
                                                    ]
                                                }
                                            }
                                        ]
                                    },
                                    {
                                        "traitReference": "is.localized.describedAs",
                                        "arguments": [
                                            {
                                                "entityReference": {
                                                    "entityShape": "localizedTable",
                                                    "constantValues": [
                                                        [
                                                            "en",
                                                            "For internal use only."
                                                        ]
                                                    ]
                                                }
                                            }
                                        ]
                                    }
                                ],
                                "sourceName": "timezoneruleversionnumber",
                                "maximumValue": "2147483647",
                                "minimumValue": "-1",
                                "sourceOrdering": 10004,
                                "isNullable": true,
                                "displayName": "Time Zone Rule Version Number",
                                "description": "For internal use only."
                            },
                            {
                                "name": "UTCConversionTimeZoneCode",
                                "relationship": "hasA",
                                "dataType": "integer",
                                "appliedTraits": [
                                    {
                                        "traitReference": "is.requiredAtLevel",
                                        "arguments": [
                                            {
                                                "name": "level",
                                                "value": "none"
                                            }
                                        ]
                                    },
                                    {
                                        "traitReference": "is.localized.displayedAs",
                                        "arguments": [
                                            {
                                                "entityReference": {
                                                    "entityShape": "localizedTable",
                                                    "constantValues": [
                                                        [
                                                            "en",
                                                            "UTC Conversion Time Zone Code"
                                                        ]
                                                    ]
                                                }
                                            }
                                        ]
                                    },
                                    {
                                        "traitReference": "is.localized.describedAs",
                                        "arguments": [
                                            {
                                                "entityReference": {
                                                    "entityShape": "localizedTable",
                                                    "constantValues": [
                                                        [
                                                            "en",
                                                            "Time zone code that was in use when the record was created."
                                                        ]
                                                    ]
                                                }
                                            }
                                        ]
                                    }
                                ],
                                "sourceName": "utcconversiontimezonecode",
                                "maximumValue": "2147483647",
                                "minimumValue": "-1",
                                "sourceOrdering": 10005,
                                "isNullable": true,
                                "displayName": "UTC Conversion Time Zone Code",
                                "description": "Time zone code that was in use when the record was created."
                            },
                            {
                                "name": "name",
                                "relationship": "hasA",
                                "dataType": "name",
                                "appliedTraits": [
                                    {
                                        "traitReference": "is.requiredAtLevel",
                                        "arguments": [
                                            {
                                                "name": "level",
                                                "value": "required"
                                            }
                                        ]
                                    },
                                    {
                                        "traitReference": "is.localized.displayedAs",
                                        "arguments": [
                                            {
                                                "entityReference": {
                                                    "entityShape": "localizedTable",
                                                    "constantValues": [
                                                        [
                                                            "en",
                                                            "name"
                                                        ]
                                                    ]
                                                }
                                            }
                                        ]
                                    },
                                    {
                                        "traitReference": "is.localized.describedAs",
                                        "arguments": [
                                            {
                                                "entityReference": {
                                                    "entityShape": "localizedTable",
                                                    "constantValues": [
                                                        [
                                                            "en",
                                                            "name"
                                                        ]
                                                    ]
                                                }
                                            }
                                        ]
                                    }
                                ],
                                "sourceName": "name",
                                "maximumLength": 100,
                                "sourceOrdering": 10006,
                                "isNullable": true,
                                "displayName": "name",
                                "description": "name"
                            },
                            {
                                "relationship": {
                                    "relationshipReference": "referencesA",
                                    "appliedTraits": [
                                        {
                                            "traitReference": "referencesA/exhibitsTraits/does.referenceEntity",
                                            "arguments": [
                                                {
                                                    "explanation": "This 'referencesA' relationship to the entity 'Competitor' adds the 'competitorId' attribute below to the 'OpportunityCompetitors' entity as a key",
                                                    "name": "addedAttribute",
                                                    "value": {
                                                        "name": "competitorId",
                                                        "relationship": "hasA",
                                                        "dataType": "guid",
                                                        "appliedTraits": [
                                                            {
                                                                "traitReference": "is.requiredAtLevel",
                                                                "arguments": [
                                                                    {
                                                                        "name": "level",
                                                                        "value": "systemrequired"
                                                                    }
                                                                ]
                                                            }
                                                        ],
                                                        "sourceName": "competitorid",
                                                        "sourceOrdering": 10007
                                                    }
                                                }
                                            ]
                                        }
                                    ]
                                },
                                "entity": {
                                    "entityReference": "Competitor",
                                    "appliedTraits": [
                                        {
                                            "traitReference": "is.identifiedBy",
                                            "arguments": [
                                                "Competitor/(resolvedAttributes)/competitorId"
                                            ]
                                        }
                                    ]
                                }
                            },
                            {
                                "relationship": {
                                    "relationshipReference": "referencesA",
                                    "appliedTraits": [
                                        {
                                            "traitReference": "referencesA/exhibitsTraits/does.referenceEntity",
                                            "arguments": [
                                                {
                                                    "explanation": "This 'referencesA' relationship to the entity 'Opportunity' adds the 'opportunityId' attribute below to the 'OpportunityCompetitors' entity as a key",
                                                    "name": "addedAttribute",
                                                    "value": {
                                                        "name": "opportunityId",
                                                        "relationship": "hasA",
                                                        "dataType": "guid",
                                                        "appliedTraits": [
                                                            {
                                                                "traitReference": "is.requiredAtLevel",
                                                                "arguments": [
                                                                    {
                                                                        "name": "level",
                                                                        "value": "systemrequired"
                                                                    }
                                                                ]
                                                            }
                                                        ],
                                                        "sourceName": "opportunityid",
                                                        "sourceOrdering": 10008
                                                    }
                                                }
                                            ]
                                        }
                                    ]
                                },
                                "entity": {
                                    "entityReference": "Opportunity",
                                    "appliedTraits": [
                                        {
                                            "traitReference": "is.identifiedBy",
                                            "arguments": [
                                                "Opportunity/(resolvedAttributes)/opportunityId"
                                            ]
                                        }
                                    ]
                                }
                            }
                        ]
                    }
                }
            ]
        }
    ]
}