<ImportExportXml xmlns:xsi="http://www.w3.org/2001/XMLSchema-instance">
  <Entities></Entities>
  <Roles></Roles>
  <Workflows>
    <Workflow WorkflowId="{c13ee13e-a5b0-e911-a991-000d3a1378f6}" Name="Cost Center Budget - update Budget Lines when Status Reason changes" Description="Implements the effects of cost center budget status changes including impacts to status of associated budget lines.">
      <JsonFileName>/Workflows/CostCenterBudget-updateBudgetLineswhenStatusReason-C13EE13E-A5B0-E911-A991-000D3A1378F6.json</JsonFileName>
      <Type>1</Type>
      <Subprocess>0</Subprocess>
      <Category>5</Category>
      <Mode>0</Mode>
      <Scope>4</Scope>
      <OnDemand>0</OnDemand>
      <TriggerOnCreate>0</TriggerOnCreate>
      <TriggerOnDelete>0</TriggerOnDelete>
      <AsyncAutodelete>0</AsyncAutodelete>
      <SyncWorkflowLogOnFailure>0</SyncWorkflowLogOnFailure>
      <StateCode>1</StateCode>
      <StatusCode>2</StatusCode>
      <RunAs>1</RunAs>
      <IsTransacted>1</IsTransacted>
      <IntroducedVersion>1.0</IntroducedVersion>
      <IsCustomizable>1</IsCustomizable>
      <IsCustomProcessingStepAllowedForOtherPublishers>1</IsCustomProcessingStepAllowedForOtherPublishers>
      <PrimaryEntity>none</PrimaryEntity>
      <LocalizedNames>
        <LocalizedName languagecode="1033" description="Cost Center Budget - update Budget Lines when Status Reason changes" />
      </LocalizedNames>
      <Descriptions>
        <Description languagecode="1033" description="Implements the effects of cost center budget status changes including impacts to status of associated budget lines." />
      </Descriptions>
    </Workflow>
    <Workflow WorkflowId="{f1d01369-b0b0-e911-a98e-000d3a137a43}" Name="Timesheet - create Time Entries for new Timesheet" Description="Creates blank, default weekday time entries for a newly created Timesheet.">
      <JsonFileName>/Workflows/Timesheet-createTimeEntriesfornewTimesheet-F1D01369-B0B0-E911-A98E-000D3A137A43.json</JsonFileName>
      <Type>1</Type>
      <Subprocess>0</Subprocess>
      <Category>5</Category>
      <Mode>0</Mode>
      <Scope>4</Scope>
      <OnDemand>0</OnDemand>
      <TriggerOnCreate>0</TriggerOnCreate>
      <TriggerOnDelete>0</TriggerOnDelete>
      <AsyncAutodelete>0</AsyncAutodelete>
      <SyncWorkflowLogOnFailure>0</SyncWorkflowLogOnFailure>
      <StateCode>1</StateCode>
      <StatusCode>2</StatusCode>
      <RunAs>1</RunAs>
      <IsTransacted>1</IsTransacted>
      <IntroducedVersion>1.0</IntroducedVersion>
      <IsCustomizable>1</IsCustomizable>
      <IsCustomProcessingStepAllowedForOtherPublishers>1</IsCustomProcessingStepAllowedForOtherPublishers>
      <PrimaryEntity>none</PrimaryEntity>
      <LocalizedNames>
        <LocalizedName languagecode="1033" description="Timesheet - create Time Entries for new Timesheet" />
      </LocalizedNames>
      <Descriptions>
        <Description languagecode="1033" description="Creates blank, default weekday time entries for a newly created Timesheet." />
      </Descriptions>
    </Workflow>
    <Workflow WorkflowId="{56b2eded-3995-e911-a82a-000d3a1d501d}" Name="Project Budget Line - create Budget Periods for new line" Description="When a new Project Budget Line is created this process generates the appropriate periods and distributes the total budget line amount across them.">
      <JsonFileName>/Workflows/ProjectBudgetLine-createBudgetPeriodsfornewline-56B2EDED-3995-E911-A82A-000D3A1D501D.json</JsonFileName>
      <Type>1</Type>
      <Subprocess>0</Subprocess>
      <Category>5</Category>
      <Mode>0</Mode>
      <Scope>4</Scope>
      <OnDemand>0</OnDemand>
      <TriggerOnCreate>0</TriggerOnCreate>
      <TriggerOnDelete>0</TriggerOnDelete>
      <AsyncAutodelete>0</AsyncAutodelete>
      <SyncWorkflowLogOnFailure>0</SyncWorkflowLogOnFailure>
      <StateCode>1</StateCode>
      <StatusCode>2</StatusCode>
      <RunAs>1</RunAs>
      <IsTransacted>1</IsTransacted>
      <IntroducedVersion>1.0</IntroducedVersion>
      <IsCustomizable>1</IsCustomizable>
      <IsCustomProcessingStepAllowedForOtherPublishers>1</IsCustomProcessingStepAllowedForOtherPublishers>
      <PrimaryEntity>none</PrimaryEntity>
      <LocalizedNames>
        <LocalizedName languagecode="1033" description="Project Budget Line - create Budget Periods for new line" />
      </LocalizedNames>
      <Descriptions>
        <Description languagecode="1033" description="When a new Project Budget Line is created this process generates the appropriate periods and distributes the total budget line amount across them." />
      </Descriptions>
    </Workflow>
    <Workflow WorkflowId="{022be2c9-9e97-e911-a82f-000d3a1d5203}" Name="Project Budget - warn of budget line planned differences" Description="This flow is optional.  Identifies differences between the stated total and planned amounts of project budget lines then notifies the project manager.">
      <JsonFileName>/Workflows/ProjectBudget-warnofbudgetlineplanneddifferences-022BE2C9-9E97-E911-A82F-000D3A1D5203.json</JsonFileName>
      <Type>1</Type>
      <Subprocess>0</Subprocess>
      <Category>5</Category>
      <Mode>0</Mode>
      <Scope>4</Scope>
      <OnDemand>0</OnDemand>
      <TriggerOnCreate>0</TriggerOnCreate>
      <TriggerOnDelete>0</TriggerOnDelete>
      <AsyncAutodelete>0</AsyncAutodelete>
      <SyncWorkflowLogOnFailure>0</SyncWorkflowLogOnFailure>
      <StateCode>0</StateCode>
      <StatusCode>1</StatusCode>
      <RunAs>1</RunAs>
      <IsTransacted>1</IsTransacted>
      <IntroducedVersion>1.0</IntroducedVersion>
      <IsCustomizable>1</IsCustomizable>
      <IsCustomProcessingStepAllowedForOtherPublishers>1</IsCustomProcessingStepAllowedForOtherPublishers>
      <PrimaryEntity>none</PrimaryEntity>
      <LocalizedNames>
        <LocalizedName languagecode="1033" description="Project Budget - warn of budget line planned differences" />
      </LocalizedNames>
      <Descriptions>
        <Description languagecode="1033" description="This flow is optional.  Identifies differences between the stated total and planned amounts of project budget lines then notifies the project manager." />
      </Descriptions>
    </Workflow>
    <Workflow WorkflowId="{cc7fa712-2199-e911-a828-000d3a1d5a0b}" Name="Project Budget - update Budget Lines when Status Reason changes" Description="Implements the effects of project budget status changes including impacts to status of associated budget lines.">
      <JsonFileName>/Workflows/ProjectBudget-updateBudgetLineswhenStatusReasoncha-CC7FA712-2199-E911-A828-000D3A1D5A0B.json</JsonFileName>
      <Type>1</Type>
      <Subprocess>0</Subprocess>
      <Category>5</Category>
      <Mode>0</Mode>
      <Scope>4</Scope>
      <OnDemand>0</OnDemand>
      <TriggerOnCreate>0</TriggerOnCreate>
      <TriggerOnDelete>0</TriggerOnDelete>
      <AsyncAutodelete>0</AsyncAutodelete>
      <SyncWorkflowLogOnFailure>0</SyncWorkflowLogOnFailure>
      <StateCode>1</StateCode>
      <StatusCode>2</StatusCode>
      <RunAs>1</RunAs>
      <IsTransacted>1</IsTransacted>
      <IntroducedVersion>1.0</IntroducedVersion>
      <IsCustomizable>1</IsCustomizable>
      <IsCustomProcessingStepAllowedForOtherPublishers>1</IsCustomProcessingStepAllowedForOtherPublishers>
      <PrimaryEntity>none</PrimaryEntity>
      <LocalizedNames>
        <LocalizedName languagecode="1033" description="Project Budget - update Budget Lines when Status Reason changes" />
      </LocalizedNames>
      <Descriptions>
        <Description languagecode="1033" description="Implements the effects of project budget status changes including impacts to status of associated budget lines." />
      </Descriptions>
    </Workflow>
    <Workflow WorkflowId="{2071e916-d199-e911-a828-000d3a1d5a0b}" Name="Planning Period - calculate Weekdays" Description="Calculates the number of weekdays in a period based on the start and end dates.  Stores the value on the period record.">
      <JsonFileName>/Workflows/PlanningPeriod-calculateWeekdays-2071E916-D199-E911-A828-000D3A1D5A0B.json</JsonFileName>
      <Type>1</Type>
      <Subprocess>0</Subprocess>
      <Category>5</Category>
      <Mode>0</Mode>
      <Scope>4</Scope>
      <OnDemand>0</OnDemand>
      <TriggerOnCreate>0</TriggerOnCreate>
      <TriggerOnDelete>0</TriggerOnDelete>
      <AsyncAutodelete>0</AsyncAutodelete>
      <SyncWorkflowLogOnFailure>0</SyncWorkflowLogOnFailure>
      <StateCode>1</StateCode>
      <StatusCode>2</StatusCode>
      <RunAs>1</RunAs>
      <IsTransacted>1</IsTransacted>
      <IntroducedVersion>1.0</IntroducedVersion>
      <IsCustomizable>1</IsCustomizable>
      <IsCustomProcessingStepAllowedForOtherPublishers>1</IsCustomProcessingStepAllowedForOtherPublishers>
      <PrimaryEntity>none</PrimaryEntity>
      <LocalizedNames>
        <LocalizedName languagecode="1033" description="Planning Period - calculate Weekdays" />
      </LocalizedNames>
      <Descriptions>
        <Description languagecode="1033" description="Calculates the number of weekdays in a period based on the start and end dates.  Stores the value on the period record." />
      </Descriptions>
    </Workflow>
    <Workflow WorkflowId="{f2fab0e8-d899-e911-a828-000d3a1d5a0b}" Name="Project - update Activities with Status Reason change" Description="Implements the effects of project status changes including impacts to status of associated activities.">
      <JsonFileName>/Workflows/Project-updateActivitieswithStatusReasonchange-F2FAB0E8-D899-E911-A828-000D3A1D5A0B.json</JsonFileName>
      <Type>1</Type>
      <Subprocess>0</Subprocess>
      <Category>5</Category>
      <Mode>0</Mode>
      <Scope>4</Scope>
      <OnDemand>0</OnDemand>
      <TriggerOnCreate>0</TriggerOnCreate>
      <TriggerOnDelete>0</TriggerOnDelete>
      <AsyncAutodelete>0</AsyncAutodelete>
      <SyncWorkflowLogOnFailure>0</SyncWorkflowLogOnFailure>
      <StateCode>1</StateCode>
      <StatusCode>2</StatusCode>
      <RunAs>1</RunAs>
      <IsTransacted>1</IsTransacted>
      <IntroducedVersion>1.0</IntroducedVersion>
      <IsCustomizable>1</IsCustomizable>
      <IsCustomProcessingStepAllowedForOtherPublishers>1</IsCustomProcessingStepAllowedForOtherPublishers>
      <PrimaryEntity>none</PrimaryEntity>
      <LocalizedNames>
        <LocalizedName languagecode="1033" description="Project - update Activities with Status Reason change" />
      </LocalizedNames>
      <Descriptions>
        <Description languagecode="1033" description="Implements the effects of project status changes including impacts to status of associated activities." />
      </Descriptions>
    </Workflow>
    <Workflow WorkflowId="{f7b3461b-f599-e911-a828-000d3a1d5a0b}" Name="Cost Center Budget Line - create Budget Periods for new line" Description="When a new Cost Center Budget Line is created this process generates the appropriate periods and distributes the total budget line amount across them.">
      <JsonFileName>/Workflows/CostCenterBudgetLine-createBudgetPeriodsfornewline-F7B3461B-F599-E911-A828-000D3A1D5A0B.json</JsonFileName>
      <Type>1</Type>
      <Subprocess>0</Subprocess>
      <Category>5</Category>
      <Mode>0</Mode>
      <Scope>4</Scope>
      <OnDemand>0</OnDemand>
      <TriggerOnCreate>0</TriggerOnCreate>
      <TriggerOnDelete>0</TriggerOnDelete>
      <AsyncAutodelete>0</AsyncAutodelete>
      <SyncWorkflowLogOnFailure>0</SyncWorkflowLogOnFailure>
      <StateCode>1</StateCode>
      <StatusCode>2</StatusCode>
      <RunAs>1</RunAs>
      <IsTransacted>1</IsTransacted>
      <IntroducedVersion>1.0</IntroducedVersion>
      <IsCustomizable>1</IsCustomizable>
      <IsCustomProcessingStepAllowedForOtherPublishers>1</IsCustomProcessingStepAllowedForOtherPublishers>
      <PrimaryEntity>none</PrimaryEntity>
      <LocalizedNames>
        <LocalizedName languagecode="1033" description="Cost Center Budget Line - create Budget Periods for new line" />
      </LocalizedNames>
      <Descriptions>
        <Description languagecode="1033" description="When a new Cost Center Budget Line is created this process generates the appropriate periods and distributes the total budget line amount across them." />
      </Descriptions>
    </Workflow>
    <Workflow WorkflowId="{6e6199c7-33db-e911-a822-000d3a3b1bf4}" Name="Delivery Framework - update relevant record values" Description="This flow is optional.  A Delivery Framework record is automatically generated and populated for each Project and Project Activity record that is created.  This flow updates active Delivery Framework records with current values from its associated Project or Project Activity record.">
      <JsonFileName>/Workflows/DeliveryFramework-updaterelevantrecordvalues-6E6199C7-33DB-E911-A822-000D3A3B1BF4.json</JsonFileName>
      <Type>1</Type>
      <Subprocess>0</Subprocess>
      <Category>5</Category>
      <Mode>0</Mode>
      <Scope>4</Scope>
      <OnDemand>0</OnDemand>
      <TriggerOnCreate>0</TriggerOnCreate>
      <TriggerOnDelete>0</TriggerOnDelete>
      <AsyncAutodelete>0</AsyncAutodelete>
      <SyncWorkflowLogOnFailure>0</SyncWorkflowLogOnFailure>
      <StateCode>0</StateCode>
      <StatusCode>1</StatusCode>
      <RunAs>1</RunAs>
      <IsTransacted>1</IsTransacted>
      <IntroducedVersion>1.0</IntroducedVersion>
      <IsCustomizable>1</IsCustomizable>
      <IsCustomProcessingStepAllowedForOtherPublishers>1</IsCustomProcessingStepAllowedForOtherPublishers>
      <PrimaryEntity>none</PrimaryEntity>
      <LocalizedNames>
        <LocalizedName languagecode="1033" description="Delivery Framework - update relevant record values" />
      </LocalizedNames>
      <Descriptions>
        <Description languagecode="1033" description="This flow is optional.  A Delivery Framework record is automatically generated and populated for each Project and Project Activity record that is created.  This flow updates active Delivery Framework records with current values from its associated Project or Project Activity record." />
      </Descriptions>
    </Workflow>
    <Workflow WorkflowId="{ca5b28a2-c958-ea11-a811-000d3a579c97}" Name="Worker Cost Schedules - refresh values for Active Workers" Description="This process creates and maintains a table of costs per worker by planning period using the active compensation plans to facilitate budgeting and reporting.">
      <JsonFileName>/Workflows/WorkerCostSchedules-refreshvaluesforActiveWorkers-CA5B28A2-C958-EA11-A811-000D3A579C97.json</JsonFileName>
      <Type>1</Type>
      <Subprocess>0</Subprocess>
      <Category>5</Category>
      <Mode>0</Mode>
      <Scope>4</Scope>
      <OnDemand>0</OnDemand>
      <TriggerOnCreate>0</TriggerOnCreate>
      <TriggerOnDelete>0</TriggerOnDelete>
      <AsyncAutodelete>0</AsyncAutodelete>
      <SyncWorkflowLogOnFailure>0</SyncWorkflowLogOnFailure>
      <StateCode>1</StateCode>
      <StatusCode>2</StatusCode>
      <RunAs>1</RunAs>
      <IsTransacted>1</IsTransacted>
      <IntroducedVersion>1.0</IntroducedVersion>
      <IsCustomizable>1</IsCustomizable>
      <IsCustomProcessingStepAllowedForOtherPublishers>1</IsCustomProcessingStepAllowedForOtherPublishers>
      <PrimaryEntity>none</PrimaryEntity>
      <LocalizedNames>
        <LocalizedName languagecode="1033" description="Worker Cost Schedules - refresh values for Active Workers" />
      </LocalizedNames>
      <Descriptions>
        <Description languagecode="1033" description="This process creates and maintains a table of costs per worker by planning period using the active compensation plans to facilitate budgeting and reporting." />
      </Descriptions>
    </Workflow>
  </Workflows>
  <FieldSecurityProfiles></FieldSecurityProfiles>
  <Templates />
  <EntityMaps />
  <EntityRelationships />
  <OrganizationSettings />
  <optionsets />
  <CustomControls />
  <EntityDataProviders />
  <connectionreferences>
    <connectionreference connectionreferencelogicalname="msnfpe_sharedoffice365_86a70">
      <connectionreferencedisplayname>Office 365 Outlook</connectionreferencedisplayname>
      <connectorid>/providers/Microsoft.PowerApps/apis/shared_office365</connectorid>
      <iscustomizable>1</iscustomizable>
      <statecode>0</statecode>
      <statuscode>1</statuscode>
    </connectionreference>
    <connectionreference connectionreferencelogicalname="new_sharedcommondataserviceforapps_ea70f">
      <connectionreferencedisplayname>Common Data Service (current environment)</connectionreferencedisplayname>
      <connectorid>/providers/Microsoft.PowerApps/apis/shared_commondataserviceforapps</connectorid>
      <iscustomizable>1</iscustomizable>
      <statecode>0</statecode>
      <statuscode>1</statuscode>
    </connectionreference>
  </connectionreferences>
  <Languages>
    <Language>1033</Language>
  </Languages>
</ImportExportXml>