{
    "schemaVersion": "0.6.0",
    "imports": [
        {
            "uri": "/core/applicationCommon/cdsConcepts.cdm.json"
        },
        {
            "uri": "/core/applicationCommon/wellKnownCDSAttributeGroups.cdm.json"
        },
        {
            "uri": "Account.cdm.json"
        },
        {
            "uri": "Activity.cdm.json"
        },
        {
            "uri": "Appointment.cdm.json"
        },
        {
            "uri": "Article.cdm.json"
        },
        {
            "uri": "ArticleTemplate.cdm.json"
        },
        {
            "uri": "BusinessUnit.cdm.json"
        },
        {
            "uri": "Connection.cdm.json"
        },
        {
            "uri": "ConnectionRole.cdm.json"
        },
        {
            "uri": "Contact.cdm.json"
        },
        {
            "uri": "Currency.cdm.json"
        },
        {
            "uri": "CustomerRelationship.cdm.json"
        },
        {
            "uri": "Email.cdm.json"
        },
        {
            "uri": "Fax.cdm.json"
        },
        {
            "uri": "Feedback.cdm.json"
        },
        {
            "uri": "Goal.cdm.json"
        },
        {
            "uri": "GoalMetric.cdm.json"
        },
        {
            "uri": "KnowledgeArticle.cdm.json"
        },
        {
            "uri": "KnowledgeBaseRecord.cdm.json"
        },
        {
            "uri": "Letter.cdm.json"
        },
        {
            "uri": "Organization.cdm.json"
        },
        {
            "uri": "Owner.cdm.json"
        },
        {
            "uri": "PhoneCall.cdm.json"
        },
        {
            "uri": "Position.cdm.json"
        },
        {
            "uri": "Queue.cdm.json"
        },
        {
            "uri": "RecurringAppointment.cdm.json"
        },
        {
            "uri": "SLA.cdm.json"
        },
        {
            "uri": "SocialActivity.cdm.json"
        },
        {
            "uri": "SocialProfile.cdm.json"
        },
        {
            "uri": "Task.cdm.json"
        },
        {
            "uri": "Team.cdm.json"
        },
        {
            "uri": "Territory.cdm.json"
        },
        {
            "uri": "User.cdm.json"
        }
    ],
    "definitions": []
}