{
    "schemaVersion": "0.6.0",
    "imports": [
        {
            "uri": "_allImports.cdm.json"
        }
    ],
    "definitions": [
        {
            "entityName": "ArticleTemplate",
            "extendsEntity": "CdmObject",
            "exhibitsTraits": [
                {
                    "traitReference": "is.localized.displayedAs",
                    "arguments": [
                        {
                            "entityReference": {
                                "entityShape": "localizedTable",
                                "constantValues": [
                                    [
                                        "en",
                                        "Article Template"
                                    ]
                                ]
                            }
                        }
                    ]
                },
                {
                    "traitReference": "is.localized.describedAs",
                    "arguments": [
                        {
                            "entityReference": {
                                "entityShape": "localizedTable",
                                "constantValues": [
                                    [
                                        "en",
                                        "Template for a knowledge base article that contains the standard attributes of an article."
                                    ]
                                ]
                            }
                        }
                    ]
                }
            ],
            "displayName": "Article Template",
            "description": "Template for a knowledge base article that contains the standard attributes of an article.",
            "sourceName": "KbArticleTemplate",
            "hasAttributes": [
                {
                    "attributeGroupReference": {
                        "attributeGroupName": "attributesAddedAtThisScope",
                        "exhibitsTraits": [
                            {
                                "traitReference": "is.CDM.attributeGroup",
                                "arguments": [
                                    {
                                        "entityReference": {
                                            "entityShape": "attributeGroupSet",
                                            "constantValues": [
                                                [
                                                    "/core/applicationCommon/ArticleTemplate.cdm.json/ArticleTemplate/hasAttributes/attributesAddedAtThisScope"
                                                ]
                                            ]
                                        }
                                    }
                                ]
                            }
                        ],
                        "members": [
                            {
                                "name": "kbArticleTemplateId",
                                "relationship": "identifiedBy",
                                "dataType": "entityId",
                                "appliedTraits": [
                                    {
                                        "traitReference": "is.requiredAtLevel",
                                        "arguments": [
                                            {
                                                "name": "level",
                                                "value": "systemrequired"
                                            }
                                        ]
                                    },
                                    {
                                        "traitReference": "is.localized.displayedAs",
                                        "arguments": [
                                            {
                                                "entityReference": {
                                                    "entityShape": "localizedTable",
                                                    "constantValues": [
                                                        [
                                                            "en",
                                                            "Article Template"
                                                        ]
                                                    ]
                                                }
                                            }
                                        ]
                                    },
                                    {
                                        "traitReference": "is.localized.describedAs",
                                        "arguments": [
                                            {
                                                "entityReference": {
                                                    "entityShape": "localizedTable",
                                                    "constantValues": [
                                                        [
                                                            "en",
                                                            "Unique identifier of the knowledge base article template."
                                                        ]
                                                    ]
                                                }
                                            }
                                        ]
                                    }
                                ],
                                "sourceName": "kbarticletemplateid",
                                "sourceOrdering": 1,
                                "displayName": "Article Template",
                                "description": "Unique identifier of the knowledge base article template."
                            },
                            {
                                "name": "structureXml",
                                "relationship": "hasA",
                                "dataType": "string",
                                "appliedTraits": [
                                    {
                                        "traitReference": "is.requiredAtLevel",
                                        "arguments": [
                                            {
                                                "name": "level",
                                                "value": "none"
                                            }
                                        ]
                                    },
                                    {
                                        "traitReference": "is.localized.displayedAs",
                                        "arguments": [
                                            {
                                                "entityReference": {
                                                    "entityShape": "localizedTable",
                                                    "constantValues": [
                                                        [
                                                            "en",
                                                            "Structure XML"
                                                        ]
                                                    ]
                                                }
                                            }
                                        ]
                                    },
                                    {
                                        "traitReference": "is.localized.describedAs",
                                        "arguments": [
                                            {
                                                "entityReference": {
                                                    "entityShape": "localizedTable",
                                                    "constantValues": [
                                                        [
                                                            "en",
                                                            "XML structure of the knowledge base article."
                                                        ]
                                                    ]
                                                }
                                            }
                                        ]
                                    }
                                ],
                                "sourceName": "structurexml",
                                "maximumLength": 1073741823,
                                "sourceOrdering": 2,
                                "isNullable": true,
                                "displayName": "Structure XML",
                                "description": "XML structure of the knowledge base article."
                            },
                            {
                                "relationship": {
                                    "relationshipReference": "referencesA",
                                    "appliedTraits": [
                                        {
                                            "traitReference": "referencesA/exhibitsTraits/does.referenceEntity",
                                            "arguments": [
                                                {
                                                    "explanation": "This 'referencesA' relationship to the entity 'Organization' adds the 'organizationId' attribute below to the 'ArticleTemplate' entity as a key",
                                                    "name": "addedAttribute",
                                                    "value": {
                                                        "name": "organizationId",
                                                        "relationship": "hasA",
                                                        "dataType": "entityId",
                                                        "appliedTraits": [
                                                            {
                                                                "traitReference": "is.CDS.lookup",
                                                                "arguments": [
                                                                    {
                                                                        "name": "style",
                                                                        "value": "single"
                                                                    }
                                                                ]
                                                            },
                                                            {
                                                                "traitReference": "is.requiredAtLevel",
                                                                "arguments": [
                                                                    {
                                                                        "name": "level",
                                                                        "value": "systemrequired"
                                                                    }
                                                                ]
                                                            },
                                                            {
                                                                "traitReference": "is.localized.displayedAs",
                                                                "arguments": [
                                                                    {
                                                                        "entityReference": {
                                                                            "entityShape": "localizedTable",
                                                                            "constantValues": [
                                                                                [
                                                                                    "en",
                                                                                    "Organization"
                                                                                ]
                                                                            ]
                                                                        }
                                                                    }
                                                                ]
                                                            },
                                                            {
                                                                "traitReference": "is.localized.describedAs",
                                                                "arguments": [
                                                                    {
                                                                        "entityReference": {
                                                                            "entityShape": "localizedTable",
                                                                            "constantValues": [
                                                                                [
                                                                                    "en",
                                                                                    "Unique identifier of the organization associated with the template."
                                                                                ]
                                                                            ]
                                                                        }
                                                                    }
                                                                ]
                                                            }
                                                        ],
                                                        "sourceName": "organizationid",
                                                        "sourceOrdering": 3,
                                                        "displayName": "Organization",
                                                        "description": "Unique identifier of the organization associated with the template."
                                                    }
                                                }
                                            ]
                                        }
                                    ]
                                },
                                "entity": {
                                    "entityReference": "Organization",
                                    "appliedTraits": [
                                        {
                                            "traitReference": "is.identifiedBy",
                                            "arguments": [
                                                "Organization/(resolvedAttributes)/organizationId"
                                            ]
                                        }
                                    ]
                                }
                            },
                            {
                                "name": "formatXml",
                                "relationship": "hasA",
                                "dataType": "string",
                                "appliedTraits": [
                                    {
                                        "traitReference": "is.requiredAtLevel",
                                        "arguments": [
                                            {
                                                "name": "level",
                                                "value": "none"
                                            }
                                        ]
                                    },
                                    {
                                        "traitReference": "is.localized.displayedAs",
                                        "arguments": [
                                            {
                                                "entityReference": {
                                                    "entityShape": "localizedTable",
                                                    "constantValues": [
                                                        [
                                                            "en",
                                                            "Format XML"
                                                        ]
                                                    ]
                                                }
                                            }
                                        ]
                                    },
                                    {
                                        "traitReference": "is.localized.describedAs",
                                        "arguments": [
                                            {
                                                "entityReference": {
                                                    "entityShape": "localizedTable",
                                                    "constantValues": [
                                                        [
                                                            "en",
                                                            "XML format of the knowledge base article template."
                                                        ]
                                                    ]
                                                }
                                            }
                                        ]
                                    }
                                ],
                                "sourceName": "formatxml",
                                "maximumLength": 1073741823,
                                "sourceOrdering": 5,
                                "isNullable": true,
                                "displayName": "Format XML",
                                "description": "XML format of the knowledge base article template."
                            },
                            {
                                "name": "title",
                                "relationship": "hasA",
                                "dataType": "string",
                                "appliedTraits": [
                                    {
                                        "traitReference": "is.requiredAtLevel",
                                        "arguments": [
                                            {
                                                "name": "level",
                                                "value": "required"
                                            }
                                        ]
                                    },
                                    {
                                        "traitReference": "is.localized.displayedAs",
                                        "arguments": [
                                            {
                                                "entityReference": {
                                                    "entityShape": "localizedTable",
                                                    "constantValues": [
                                                        [
                                                            "en",
                                                            "Title"
                                                        ]
                                                    ]
                                                }
                                            }
                                        ]
                                    },
                                    {
                                        "traitReference": "is.localized.describedAs",
                                        "arguments": [
                                            {
                                                "entityReference": {
                                                    "entityShape": "localizedTable",
                                                    "constantValues": [
                                                        [
                                                            "en",
                                                            "Title of the knowledge base article template."
                                                        ]
                                                    ]
                                                }
                                            }
                                        ]
                                    }
                                ],
                                "sourceName": "title",
                                "maximumLength": 500,
                                "sourceOrdering": 7,
                                "isNullable": true,
                                "displayName": "Title",
                                "description": "Title of the knowledge base article template."
                            },
                            {
                                "name": "versionNumber",
                                "relationship": "hasA",
                                "dataType": "bigInteger",
                                "appliedTraits": [
                                    {
                                        "traitReference": "is.requiredAtLevel",
                                        "arguments": [
                                            {
                                                "name": "level",
                                                "value": "none"
                                            }
                                        ]
                                    }
                                ],
                                "sourceName": "versionnumber",
                                "sourceOrdering": 8,
                                "isNullable": true
                            },
                            {
                                "name": "description",
                                "relationship": "hasA",
                                "dataType": "string",
                                "appliedTraits": [
                                    {
                                        "traitReference": "is.requiredAtLevel",
                                        "arguments": [
                                            {
                                                "name": "level",
                                                "value": "none"
                                            }
                                        ]
                                    },
                                    {
                                        "traitReference": "is.localized.displayedAs",
                                        "arguments": [
                                            {
                                                "entityReference": {
                                                    "entityShape": "localizedTable",
                                                    "constantValues": [
                                                        [
                                                            "en",
                                                            "Description"
                                                        ]
                                                    ]
                                                }
                                            }
                                        ]
                                    },
                                    {
                                        "traitReference": "is.localized.describedAs",
                                        "arguments": [
                                            {
                                                "entityReference": {
                                                    "entityShape": "localizedTable",
                                                    "constantValues": [
                                                        [
                                                            "en",
                                                            "Description of the knowledge base article template."
                                                        ]
                                                    ]
                                                }
                                            }
                                        ]
                                    }
                                ],
                                "sourceName": "description",
                                "maximumLength": 2000,
                                "sourceOrdering": 9,
                                "isNullable": true,
                                "displayName": "Description",
                                "description": "Description of the knowledge base article template."
                            },
                            {
                                "name": "isActive",
                                "relationship": "hasA",
                                "dataType": "boolean",
                                "appliedTraits": [
                                    {
                                        "traitReference": "is.requiredAtLevel",
                                        "arguments": [
                                            {
                                                "name": "level",
                                                "value": "none"
                                            }
                                        ]
                                    },
                                    {
                                        "traitReference": "is.localized.displayedAs",
                                        "arguments": [
                                            {
                                                "entityReference": {
                                                    "entityShape": "localizedTable",
                                                    "constantValues": [
                                                        [
                                                            "en",
                                                            "Status"
                                                        ]
                                                    ]
                                                }
                                            }
                                        ]
                                    },
                                    {
                                        "traitReference": "is.localized.describedAs",
                                        "arguments": [
                                            {
                                                "entityReference": {
                                                    "entityShape": "localizedTable",
                                                    "constantValues": [
                                                        [
                                                            "en",
                                                            "Information about whether the knowledge base article is active."
                                                        ]
                                                    ]
                                                }
                                            }
                                        ]
                                    }
                                ],
                                "sourceName": "isactive",
                                "sourceOrdering": 10,
                                "isNullable": true,
                                "displayName": "Status",
                                "description": "Information about whether the knowledge base article is active."
                            },
                            {
                                "relationship": {
                                    "relationshipReference": "referencesA",
                                    "appliedTraits": [
                                        {
                                            "traitReference": "referencesA/exhibitsTraits/does.referenceEntity",
                                            "arguments": [
                                                {
                                                    "explanation": "This 'referencesA' relationship to the entity 'User' adds the 'createdBy' attribute below to the 'ArticleTemplate' entity as a key",
                                                    "name": "addedAttribute",
                                                    "value": {
                                                        "name": "createdBy",
                                                        "relationship": "hasA",
                                                        "dataType": "entityId",
                                                        "appliedTraits": [
                                                            {
                                                                "traitReference": "is.CDS.lookup",
                                                                "arguments": [
                                                                    {
                                                                        "name": "style",
                                                                        "value": "single"
                                                                    }
                                                                ]
                                                            },
                                                            {
                                                                "traitReference": "is.requiredAtLevel",
                                                                "arguments": [
                                                                    {
                                                                        "name": "level",
                                                                        "value": "none"
                                                                    }
                                                                ]
                                                            },
                                                            {
                                                                "traitReference": "is.localized.displayedAs",
                                                                "arguments": [
                                                                    {
                                                                        "entityReference": {
                                                                            "entityShape": "localizedTable",
                                                                            "constantValues": [
                                                                                [
                                                                                    "en",
                                                                                    "Created By"
                                                                                ]
                                                                            ]
                                                                        }
                                                                    }
                                                                ]
                                                            },
                                                            {
                                                                "traitReference": "is.localized.describedAs",
                                                                "arguments": [
                                                                    {
                                                                        "entityReference": {
                                                                            "entityShape": "localizedTable",
                                                                            "constantValues": [
                                                                                [
                                                                                    "en",
                                                                                    "Unique identifier of the user who created the knowledge base article template."
                                                                                ]
                                                                            ]
                                                                        }
                                                                    }
                                                                ]
                                                            }
                                                        ],
                                                        "sourceName": "createdby",
                                                        "sourceOrdering": 11,
                                                        "isNullable": true,
                                                        "displayName": "Created By",
                                                        "description": "Unique identifier of the user who created the knowledge base article template."
                                                    }
                                                }
                                            ]
                                        }
                                    ]
                                },
                                "entity": {
                                    "entityReference": "User",
                                    "appliedTraits": [
                                        {
                                            "traitReference": "is.identifiedBy",
                                            "arguments": [
                                                "User/(resolvedAttributes)/systemUserId"
                                            ]
                                        }
                                    ]
                                }
                            },
                            {
                                "relationship": {
                                    "relationshipReference": "referencesA",
                                    "appliedTraits": [
                                        {
                                            "traitReference": "referencesA/exhibitsTraits/does.referenceEntity",
                                            "arguments": [
                                                {
                                                    "explanation": "This 'referencesA' relationship to the entity 'User' adds the 'modifiedBy' attribute below to the 'ArticleTemplate' entity as a key",
                                                    "name": "addedAttribute",
                                                    "value": {
                                                        "name": "modifiedBy",
                                                        "relationship": "hasA",
                                                        "dataType": "entityId",
                                                        "appliedTraits": [
                                                            {
                                                                "traitReference": "is.CDS.lookup",
                                                                "arguments": [
                                                                    {
                                                                        "name": "style",
                                                                        "value": "single"
                                                                    }
                                                                ]
                                                            },
                                                            {
                                                                "traitReference": "is.requiredAtLevel",
                                                                "arguments": [
                                                                    {
                                                                        "name": "level",
                                                                        "value": "none"
                                                                    }
                                                                ]
                                                            },
                                                            {
                                                                "traitReference": "is.localized.displayedAs",
                                                                "arguments": [
                                                                    {
                                                                        "entityReference": {
                                                                            "entityShape": "localizedTable",
                                                                            "constantValues": [
                                                                                [
                                                                                    "en",
                                                                                    "Modified By"
                                                                                ]
                                                                            ]
                                                                        }
                                                                    }
                                                                ]
                                                            },
                                                            {
                                                                "traitReference": "is.localized.describedAs",
                                                                "arguments": [
                                                                    {
                                                                        "entityReference": {
                                                                            "entityShape": "localizedTable",
                                                                            "constantValues": [
                                                                                [
                                                                                    "en",
                                                                                    "Unique identifier of the user who last modified the knowledge base article template."
                                                                                ]
                                                                            ]
                                                                        }
                                                                    }
                                                                ]
                                                            }
                                                        ],
                                                        "sourceName": "modifiedby",
                                                        "sourceOrdering": 12,
                                                        "isNullable": true,
                                                        "displayName": "Modified By",
                                                        "description": "Unique identifier of the user who last modified the knowledge base article template."
                                                    }
                                                }
                                            ]
                                        }
                                    ]
                                },
                                "entity": {
                                    "entityReference": "User",
                                    "appliedTraits": [
                                        {
                                            "traitReference": "is.identifiedBy",
                                            "arguments": [
                                                "User/(resolvedAttributes)/systemUserId"
                                            ]
                                        }
                                    ]
                                }
                            },
                            {
                                "name": "createdOn",
                                "relationship": "createdOn",
                                "dataType": "dateTime",
                                "appliedTraits": [
                                    {
                                        "traitReference": "is.requiredAtLevel",
                                        "arguments": [
                                            {
                                                "name": "level",
                                                "value": "none"
                                            }
                                        ]
                                    },
                                    {
                                        "traitReference": "is.localized.displayedAs",
                                        "arguments": [
                                            {
                                                "entityReference": {
                                                    "entityShape": "localizedTable",
                                                    "constantValues": [
                                                        [
                                                            "en",
                                                            "Created On"
                                                        ]
                                                    ]
                                                }
                                            }
                                        ]
                                    },
                                    {
                                        "traitReference": "is.localized.describedAs",
                                        "arguments": [
                                            {
                                                "entityReference": {
                                                    "entityShape": "localizedTable",
                                                    "constantValues": [
                                                        [
                                                            "en",
                                                            "Date and time when the knowledge base article template was created."
                                                        ]
                                                    ]
                                                }
                                            }
                                        ]
                                    }
                                ],
                                "sourceName": "createdon",
                                "sourceOrdering": 13,
                                "isNullable": true,
                                "displayName": "Created On",
                                "description": "Date and time when the knowledge base article template was created."
                            },
                            {
                                "name": "modifiedOn",
                                "relationship": "modifiedOn",
                                "dataType": "dateTime",
                                "appliedTraits": [
                                    {
                                        "traitReference": "is.requiredAtLevel",
                                        "arguments": [
                                            {
                                                "name": "level",
                                                "value": "none"
                                            }
                                        ]
                                    },
                                    {
                                        "traitReference": "is.localized.displayedAs",
                                        "arguments": [
                                            {
                                                "entityReference": {
                                                    "entityShape": "localizedTable",
                                                    "constantValues": [
                                                        [
                                                            "en",
                                                            "Modified On"
                                                        ]
                                                    ]
                                                }
                                            }
                                        ]
                                    },
                                    {
                                        "traitReference": "is.localized.describedAs",
                                        "arguments": [
                                            {
                                                "entityReference": {
                                                    "entityShape": "localizedTable",
                                                    "constantValues": [
                                                        [
                                                            "en",
                                                            "Date and time when the knowledge base article template was last modified."
                                                        ]
                                                    ]
                                                }
                                            }
                                        ]
                                    }
                                ],
                                "sourceName": "modifiedon",
                                "sourceOrdering": 14,
                                "isNullable": true,
                                "displayName": "Modified On",
                                "description": "Date and time when the knowledge base article template was last modified."
                            },
                            {
                                "name": "overriddenCreatedOn",
                                "relationship": "createdOn",
                                "dataType": "dateTime",
                                "appliedTraits": [
                                    {
                                        "traitReference": "is.requiredAtLevel",
                                        "arguments": [
                                            {
                                                "name": "level",
                                                "value": "none"
                                            }
                                        ]
                                    },
                                    {
                                        "traitReference": "is.localized.displayedAs",
                                        "arguments": [
                                            {
                                                "entityReference": {
                                                    "entityShape": "localizedTable",
                                                    "constantValues": [
                                                        [
                                                            "en",
                                                            "Record Created On"
                                                        ]
                                                    ]
                                                }
                                            }
                                        ]
                                    },
                                    {
                                        "traitReference": "is.localized.describedAs",
                                        "arguments": [
                                            {
                                                "entityReference": {
                                                    "entityShape": "localizedTable",
                                                    "constantValues": [
                                                        [
                                                            "en",
                                                            "Date and time that the record was migrated."
                                                        ]
                                                    ]
                                                }
                                            }
                                        ]
                                    }
                                ],
                                "sourceName": "overriddencreatedon",
                                "sourceOrdering": 22,
                                "isNullable": true,
                                "displayName": "Record Created On",
                                "description": "Date and time that the record was migrated."
                            },
                            {
                                "name": "languageCode",
                                "relationship": "hasA",
                                "dataType": "language",
                                "appliedTraits": [
                                    {
                                        "traitReference": "is.requiredAtLevel",
                                        "arguments": [
                                            {
                                                "name": "level",
                                                "value": "required"
                                            }
                                        ]
                                    },
                                    {
                                        "traitReference": "is.localized.displayedAs",
                                        "arguments": [
                                            {
                                                "entityReference": {
                                                    "entityShape": "localizedTable",
                                                    "constantValues": [
                                                        [
                                                            "en",
                                                            "Language"
                                                        ]
                                                    ]
                                                }
                                            }
                                        ]
                                    },
                                    {
                                        "traitReference": "is.localized.describedAs",
                                        "arguments": [
                                            {
                                                "entityReference": {
                                                    "entityShape": "localizedTable",
                                                    "constantValues": [
                                                        [
                                                            "en",
                                                            "Language of the Article Template"
                                                        ]
                                                    ]
                                                }
                                            }
                                        ]
                                    }
                                ],
                                "sourceName": "languagecode",
                                "maximumValue": "2147483647",
                                "minimumValue": "0",
                                "sourceOrdering": 23,
                                "isNullable": true,
                                "displayName": "Language",
                                "description": "Language of the Article Template"
                            },
                            {
                                "name": "importSequenceNumber",
                                "relationship": "hasA",
                                "dataType": "integer",
                                "appliedTraits": [
                                    {
                                        "traitReference": "is.requiredAtLevel",
                                        "arguments": [
                                            {
                                                "name": "level",
                                                "value": "none"
                                            }
                                        ]
                                    },
                                    {
                                        "traitReference": "is.localized.displayedAs",
                                        "arguments": [
                                            {
                                                "entityReference": {
                                                    "entityShape": "localizedTable",
                                                    "constantValues": [
                                                        [
                                                            "en",
                                                            "Import Sequence Number"
                                                        ]
                                                    ]
                                                }
                                            }
                                        ]
                                    },
                                    {
                                        "traitReference": "is.localized.describedAs",
                                        "arguments": [
                                            {
                                                "entityReference": {
                                                    "entityShape": "localizedTable",
                                                    "constantValues": [
                                                        [
                                                            "en",
                                                            "Unique identifier of the data import or data migration that created this record."
                                                        ]
                                                    ]
                                                }
                                            }
                                        ]
                                    }
                                ],
                                "sourceName": "importsequencenumber",
                                "maximumValue": "2147483647",
                                "minimumValue": "-2147483648",
                                "sourceOrdering": 24,
                                "isNullable": true,
                                "displayName": "Import Sequence Number",
                                "description": "Unique identifier of the data import or data migration that created this record."
                            },
                            {
                                "name": "kbArticleTemplateIdUnique",
                                "relationship": "hasA",
                                "dataType": "guid",
                                "appliedTraits": [
                                    {
                                        "traitReference": "is.requiredAtLevel",
                                        "arguments": [
                                            {
                                                "name": "level",
                                                "value": "systemrequired"
                                            }
                                        ]
                                    },
                                    {
                                        "traitReference": "is.localized.describedAs",
                                        "arguments": [
                                            {
                                                "entityReference": {
                                                    "entityShape": "localizedTable",
                                                    "constantValues": [
                                                        [
                                                            "en",
                                                            "For internal use only."
                                                        ]
                                                    ]
                                                }
                                            }
                                        ]
                                    }
                                ],
                                "sourceName": "kbarticletemplateidunique",
                                "sourceOrdering": 27,
                                "description": "For internal use only."
                            },
                            {
                                "name": "componentState",
                                "relationship": "hasA",
                                "dataType": {
                                    "dataTypeReference": "listLookup",
                                    "appliedTraits": [
                                        {
                                            "traitReference": "does.haveDefault",
                                            "arguments": [
                                                {
                                                    "entityReference": {
                                                        "explanation": "The constantValues below correspond to the attributes of the 'listLookupValues' entityShape which are: {languageTag, displayText, attributeValue, displayOrder}",
                                                        "entityShape": "listLookupValues",
                                                        "constantValues": [
                                                            [
                                                                "en",
                                                                "Published",
                                                                "0",
                                                                "0"
                                                            ],
                                                            [
                                                                "en",
                                                                "Unpublished",
                                                                "1",
                                                                "1"
                                                            ],
                                                            [
                                                                "en",
                                                                "Deleted",
                                                                "2",
                                                                "2"
                                                            ],
                                                            [
                                                                "en",
                                                                "Deleted Unpublished",
                                                                "3",
                                                                "3"
                                                            ]
                                                        ]
                                                    }
                                                }
                                            ]
                                        },
                                        {
                                            "traitReference": "does.addSupportingAttribute",
                                            "arguments": [
                                                {
                                                    "explanation": "This attribute 'componentState_display' is added to the 'ArticleTemplate' entity to provide the localized display text for the value of the listLookup attribute 'componentState'",
                                                    "name": "componentState_display",
                                                    "relationship": "hasA",
                                                    "dataType": "localizedDisplayText",
                                                    "isReadOnly": true
                                                }
                                            ]
                                        }
                                    ]
                                },
                                "appliedTraits": [
                                    {
                                        "traitReference": "is.requiredAtLevel",
                                        "arguments": [
                                            {
                                                "name": "level",
                                                "value": "systemrequired"
                                            }
                                        ]
                                    },
                                    {
                                        "traitReference": "is.localized.displayedAs",
                                        "arguments": [
                                            {
                                                "entityReference": {
                                                    "entityShape": "localizedTable",
                                                    "constantValues": [
                                                        [
                                                            "en",
                                                            "Component State"
                                                        ]
                                                    ]
                                                }
                                            }
                                        ]
                                    },
                                    {
                                        "traitReference": "is.localized.describedAs",
                                        "arguments": [
                                            {
                                                "entityReference": {
                                                    "entityShape": "localizedTable",
                                                    "constantValues": [
                                                        [
                                                            "en",
                                                            "For internal use only."
                                                        ]
                                                    ]
                                                }
                                            }
                                        ]
                                    }
                                ],
                                "sourceName": "componentstate",
                                "sourceOrdering": 28,
                                "displayName": "Component State",
                                "description": "For internal use only."
                            },
                            {
                                "name": "solutionId",
                                "relationship": "hasA",
                                "dataType": "guid",
                                "appliedTraits": [
                                    {
                                        "traitReference": "is.requiredAtLevel",
                                        "arguments": [
                                            {
                                                "name": "level",
                                                "value": "systemrequired"
                                            }
                                        ]
                                    },
                                    {
                                        "traitReference": "is.localized.displayedAs",
                                        "arguments": [
                                            {
                                                "entityReference": {
                                                    "entityShape": "localizedTable",
                                                    "constantValues": [
                                                        [
                                                            "en",
                                                            "Solution"
                                                        ]
                                                    ]
                                                }
                                            }
                                        ]
                                    },
                                    {
                                        "traitReference": "is.localized.describedAs",
                                        "arguments": [
                                            {
                                                "entityReference": {
                                                    "entityShape": "localizedTable",
                                                    "constantValues": [
                                                        [
                                                            "en",
                                                            "Unique identifier of the associated solution."
                                                        ]
                                                    ]
                                                }
                                            }
                                        ]
                                    }
                                ],
                                "sourceName": "solutionid",
                                "sourceOrdering": 30,
                                "displayName": "Solution",
                                "description": "Unique identifier of the associated solution."
                            },
                            {
                                "name": "overwriteTime",
                                "relationship": "hasA",
                                "dataType": "dateTime",
                                "appliedTraits": [
                                    {
                                        "traitReference": "is.requiredAtLevel",
                                        "arguments": [
                                            {
                                                "name": "level",
                                                "value": "systemrequired"
                                            }
                                        ]
                                    },
                                    {
                                        "traitReference": "is.localized.displayedAs",
                                        "arguments": [
                                            {
                                                "entityReference": {
                                                    "entityShape": "localizedTable",
                                                    "constantValues": [
                                                        [
                                                            "en",
                                                            "Record Overwrite Time"
                                                        ]
                                                    ]
                                                }
                                            }
                                        ]
                                    },
                                    {
                                        "traitReference": "is.localized.describedAs",
                                        "arguments": [
                                            {
                                                "entityReference": {
                                                    "entityShape": "localizedTable",
                                                    "constantValues": [
                                                        [
                                                            "en",
                                                            "For internal use only."
                                                        ]
                                                    ]
                                                }
                                            }
                                        ]
                                    }
                                ],
                                "sourceName": "overwritetime",
                                "sourceOrdering": 31,
                                "displayName": "Record Overwrite Time",
                                "description": "For internal use only."
                            },
                            {
                                "relationship": {
                                    "relationshipReference": "referencesA",
                                    "appliedTraits": [
                                        {
                                            "traitReference": "referencesA/exhibitsTraits/does.referenceEntity",
                                            "arguments": [
                                                {
                                                    "explanation": "This 'referencesA' relationship to the entity 'User' adds the 'createdOnBehalfBy' attribute below to the 'ArticleTemplate' entity as a key",
                                                    "name": "addedAttribute",
                                                    "value": {
                                                        "name": "createdOnBehalfBy",
                                                        "relationship": "hasA",
                                                        "dataType": "entityId",
                                                        "appliedTraits": [
                                                            {
                                                                "traitReference": "is.CDS.lookup",
                                                                "arguments": [
                                                                    {
                                                                        "name": "style",
                                                                        "value": "single"
                                                                    }
                                                                ]
                                                            },
                                                            {
                                                                "traitReference": "is.requiredAtLevel",
                                                                "arguments": [
                                                                    {
                                                                        "name": "level",
                                                                        "value": "none"
                                                                    }
                                                                ]
                                                            },
                                                            {
                                                                "traitReference": "is.localized.displayedAs",
                                                                "arguments": [
                                                                    {
                                                                        "entityReference": {
                                                                            "entityShape": "localizedTable",
                                                                            "constantValues": [
                                                                                [
                                                                                    "en",
                                                                                    "Created By (Delegate)"
                                                                                ]
                                                                            ]
                                                                        }
                                                                    }
                                                                ]
                                                            },
                                                            {
                                                                "traitReference": "is.localized.describedAs",
                                                                "arguments": [
                                                                    {
                                                                        "entityReference": {
                                                                            "entityShape": "localizedTable",
                                                                            "constantValues": [
                                                                                [
                                                                                    "en",
                                                                                    "Unique identifier of the delegate user who created the kbarticletemplate."
                                                                                ]
                                                                            ]
                                                                        }
                                                                    }
                                                                ]
                                                            }
                                                        ],
                                                        "sourceName": "createdonbehalfby",
                                                        "sourceOrdering": 32,
                                                        "isNullable": true,
                                                        "displayName": "Created By (Delegate)",
                                                        "description": "Unique identifier of the delegate user who created the kbarticletemplate."
                                                    }
                                                }
                                            ]
                                        }
                                    ]
                                },
                                "entity": {
                                    "entityReference": "User",
                                    "appliedTraits": [
                                        {
                                            "traitReference": "is.identifiedBy",
                                            "arguments": [
                                                "User/(resolvedAttributes)/systemUserId"
                                            ]
                                        }
                                    ]
                                }
                            },
                            {
                                "relationship": {
                                    "relationshipReference": "referencesA",
                                    "appliedTraits": [
                                        {
                                            "traitReference": "referencesA/exhibitsTraits/does.referenceEntity",
                                            "arguments": [
                                                {
                                                    "explanation": "This 'referencesA' relationship to the entity 'User' adds the 'modifiedOnBehalfBy' attribute below to the 'ArticleTemplate' entity as a key",
                                                    "name": "addedAttribute",
                                                    "value": {
                                                        "name": "modifiedOnBehalfBy",
                                                        "relationship": "hasA",
                                                        "dataType": "entityId",
                                                        "appliedTraits": [
                                                            {
                                                                "traitReference": "is.CDS.lookup",
                                                                "arguments": [
                                                                    {
                                                                        "name": "style",
                                                                        "value": "single"
                                                                    }
                                                                ]
                                                            },
                                                            {
                                                                "traitReference": "is.requiredAtLevel",
                                                                "arguments": [
                                                                    {
                                                                        "name": "level",
                                                                        "value": "none"
                                                                    }
                                                                ]
                                                            },
                                                            {
                                                                "traitReference": "is.localized.displayedAs",
                                                                "arguments": [
                                                                    {
                                                                        "entityReference": {
                                                                            "entityShape": "localizedTable",
                                                                            "constantValues": [
                                                                                [
                                                                                    "en",
                                                                                    "Modified By (Delegate)"
                                                                                ]
                                                                            ]
                                                                        }
                                                                    }
                                                                ]
                                                            },
                                                            {
                                                                "traitReference": "is.localized.describedAs",
                                                                "arguments": [
                                                                    {
                                                                        "entityReference": {
                                                                            "entityShape": "localizedTable",
                                                                            "constantValues": [
                                                                                [
                                                                                    "en",
                                                                                    "Unique identifier of the delegate user who last modified the kbarticletemplate."
                                                                                ]
                                                                            ]
                                                                        }
                                                                    }
                                                                ]
                                                            }
                                                        ],
                                                        "sourceName": "modifiedonbehalfby",
                                                        "sourceOrdering": 36,
                                                        "isNullable": true,
                                                        "displayName": "Modified By (Delegate)",
                                                        "description": "Unique identifier of the delegate user who last modified the kbarticletemplate."
                                                    }
                                                }
                                            ]
                                        }
                                    ]
                                },
                                "entity": {
                                    "entityReference": "User",
                                    "appliedTraits": [
                                        {
                                            "traitReference": "is.identifiedBy",
                                            "arguments": [
                                                "User/(resolvedAttributes)/systemUserId"
                                            ]
                                        }
                                    ]
                                }
                            },
                            {
                                "name": "isManaged",
                                "relationship": "hasA",
                                "dataType": "boolean",
                                "appliedTraits": [
                                    {
                                        "traitReference": "is.requiredAtLevel",
                                        "arguments": [
                                            {
                                                "name": "level",
                                                "value": "systemrequired"
                                            }
                                        ]
                                    }
                                ],
                                "sourceName": "ismanaged",
                                "sourceOrdering": 40
                            },
                            {
                                "name": "isCustomizable",
                                "relationship": "hasA",
                                "dataType": "boolean",
                                "appliedTraits": [
                                    {
                                        "traitReference": "is.requiredAtLevel",
                                        "arguments": [
                                            {
                                                "name": "level",
                                                "value": "systemrequired"
                                            }
                                        ]
                                    },
                                    {
                                        "traitReference": "is.localized.displayedAs",
                                        "arguments": [
                                            {
                                                "entityReference": {
                                                    "entityShape": "localizedTable",
                                                    "constantValues": [
                                                        [
                                                            "en",
                                                            "Customizable"
                                                        ]
                                                    ]
                                                }
                                            }
                                        ]
                                    },
                                    {
                                        "traitReference": "is.localized.describedAs",
                                        "arguments": [
                                            {
                                                "entityReference": {
                                                    "entityShape": "localizedTable",
                                                    "constantValues": [
                                                        [
                                                            "en",
                                                            "Information that specifies whether this component can be customized."
                                                        ]
                                                    ]
                                                }
                                            }
                                        ]
                                    }
                                ],
                                "sourceName": "iscustomizable",
                                "sourceOrdering": 41,
                                "displayName": "Customizable",
                                "description": "Information that specifies whether this component can be customized."
                            },
                            {
                                "name": "introducedVersion",
                                "relationship": "hasA",
                                "dataType": {
                                    "dataTypeReference": "string",
                                    "appliedTraits": [
                                        "means.measurement.version"
                                    ]
                                },
                                "appliedTraits": [
                                    {
                                        "traitReference": "is.requiredAtLevel",
                                        "arguments": [
                                            {
                                                "name": "level",
                                                "value": "none"
                                            }
                                        ]
                                    },
                                    {
                                        "traitReference": "is.localized.displayedAs",
                                        "arguments": [
                                            {
                                                "entityReference": {
                                                    "entityShape": "localizedTable",
                                                    "constantValues": [
                                                        [
                                                            "en",
                                                            "Introduced Version"
                                                        ]
                                                    ]
                                                }
                                            }
                                        ]
                                    },
                                    {
                                        "traitReference": "is.localized.describedAs",
                                        "arguments": [
                                            {
                                                "entityReference": {
                                                    "entityShape": "localizedTable",
                                                    "constantValues": [
                                                        [
                                                            "en",
                                                            "Version in which the form is introduced."
                                                        ]
                                                    ]
                                                }
                                            }
                                        ]
                                    }
                                ],
                                "sourceName": "introducedversion",
                                "maximumLength": 48,
                                "sourceOrdering": 43,
                                "isNullable": true,
                                "displayName": "Introduced Version",
                                "description": "Version in which the form is introduced."
                            }
                        ]
                    }
                }
            ]
        }
    ]
}