<ImportExportXml version="9.1.0.14759" SolutionPackageVersion="9.1" languagecode="1033" generatedBy="CrmLive" xmlns:xsi="http://www.w3.org/2001/XMLSchema-instance">
  <SolutionManifest>
    <UniqueName>NonprofitMeasurement</UniqueName>
    <LocalizedNames>
      <LocalizedName description="Microsoft Dynamics 365 Nonprofit Measurement" languagecode="1033" />
    </LocalizedNames>
    <Descriptions />
    <Version>2.3.3.0</Version>
    <Managed>1</Managed>
    <Publisher>
      <UniqueName>microsoftdynamics365nonprofitaccelerator</UniqueName>
      <LocalizedNames>
        <LocalizedName description="Microsoft Dynamics 365 Nonprofit Accelerator" languagecode="1033" />
      </LocalizedNames>
      <Descriptions />
      <EMailAddress xsi:nil="true"></EMailAddress>
      <SupportingWebsiteUrl xsi:nil="true"></SupportingWebsiteUrl>
      <CustomizationPrefix>msnfp</CustomizationPrefix>
      <CustomizationOptionValuePrefix>84406</CustomizationOptionValuePrefix>
      <Addresses>
        <Address>
          <AddressNumber>1</AddressNumber>
          <AddressTypeCode>1</AddressTypeCode>
          <City xsi:nil="true"></City>
          <County xsi:nil="true"></County>
          <Country xsi:nil="true"></Country>
          <Fax xsi:nil="true"></Fax>
          <FreightTermsCode xsi:nil="true"></FreightTermsCode>
          <ImportSequenceNumber xsi:nil="true"></ImportSequenceNumber>
          <Latitude xsi:nil="true"></Latitude>
          <Line1 xsi:nil="true"></Line1>
          <Line2 xsi:nil="true"></Line2>
          <Line3 xsi:nil="true"></Line3>
          <Longitude xsi:nil="true"></Longitude>
          <Name xsi:nil="true"></Name>
          <PostalCode xsi:nil="true"></PostalCode>
          <PostOfficeBox xsi:nil="true"></PostOfficeBox>
          <PrimaryContactName xsi:nil="true"></PrimaryContactName>
          <ShippingMethodCode>1</ShippingMethodCode>
          <StateOrProvince xsi:nil="true"></StateOrProvince>
          <Telephone1 xsi:nil="true"></Telephone1>
          <Telephone2 xsi:nil="true"></Telephone2>
          <Telephone3 xsi:nil="true"></Telephone3>
          <TimeZoneRuleVersionNumber xsi:nil="true"></TimeZoneRuleVersionNumber>
          <UPSZone xsi:nil="true"></UPSZone>
          <UTCOffset xsi:nil="true"></UTCOffset>
          <UTCConversionTimeZoneCode xsi:nil="true"></UTCConversionTimeZoneCode>
        </Address>
        <Address>
          <AddressNumber>2</AddressNumber>
          <AddressTypeCode>1</AddressTypeCode>
          <City xsi:nil="true"></City>
          <County xsi:nil="true"></County>
          <Country xsi:nil="true"></Country>
          <Fax xsi:nil="true"></Fax>
          <FreightTermsCode xsi:nil="true"></FreightTermsCode>
          <ImportSequenceNumber xsi:nil="true"></ImportSequenceNumber>
          <Latitude xsi:nil="true"></Latitude>
          <Line1 xsi:nil="true"></Line1>
          <Line2 xsi:nil="true"></Line2>
          <Line3 xsi:nil="true"></Line3>
          <Longitude xsi:nil="true"></Longitude>
          <Name xsi:nil="true"></Name>
          <PostalCode xsi:nil="true"></PostalCode>
          <PostOfficeBox xsi:nil="true"></PostOfficeBox>
          <PrimaryContactName xsi:nil="true"></PrimaryContactName>
          <ShippingMethodCode>1</ShippingMethodCode>
          <StateOrProvince xsi:nil="true"></StateOrProvince>
          <Telephone1 xsi:nil="true"></Telephone1>
          <Telephone2 xsi:nil="true"></Telephone2>
          <Telephone3 xsi:nil="true"></Telephone3>
          <TimeZoneRuleVersionNumber xsi:nil="true"></TimeZoneRuleVersionNumber>
          <UPSZone xsi:nil="true"></UPSZone>
          <UTCOffset xsi:nil="true"></UTCOffset>
          <UTCConversionTimeZoneCode xsi:nil="true"></UTCConversionTimeZoneCode>
        </Address>
      </Addresses>
    </Publisher>
    <RootComponents>
      <RootComponent type="1" schemaName="account" behavior="2" />
      <RootComponent type="1" schemaName="contact" behavior="2" />
      <RootComponent type="1" schemaName="msnfp_deliveryframework" behavior="2" />
      <RootComponent type="1" schemaName="msnfp_indicator" behavior="2" />
      <RootComponent type="1" schemaName="msnfp_measurementitem" behavior="0" />
      <RootComponent type="1" schemaName="msnfp_measurementitemrelationship" behavior="0" />
      <RootComponent type="1" schemaName="msnfp_measurementitemusage" behavior="0" />
      <RootComponent type="1" schemaName="msnfp_objective" behavior="2" />
      <RootComponent type="1" schemaName="msnfp_result" behavior="2" />
      <RootComponent type="1" schemaName="systemuser" behavior="2" />
      <RootComponent type="9" schemaName="msnfp_indicatormeasurementtype" behavior="0" />
      <RootComponent type="9" schemaName="msnfp_librarytype" behavior="0" />
      <RootComponent type="9" schemaName="msnfp_measurementitemtypes" behavior="0" />
      <RootComponent type="9" schemaName="msnfp_reviewstatus" behavior="0" />
      <RootComponent type="9" schemaName="msnfp_sourcetype" behavior="0" />
      <RootComponent type="29" id="{4e2a3b22-46f0-e911-a985-000d3a59724f}" behavior="0" />
      <RootComponent type="29" id="{6434ed3d-2cf0-e911-a97d-000d3a59746e}" behavior="0" />
      <RootComponent type="60" id="{4a27a4c0-dcf9-494e-bf7e-dc182cf60c40}" behavior="0" />
      <RootComponent type="60" id="{58844357-ed72-4717-80b3-8a6e130b7634}" behavior="0" />
      <RootComponent type="60" id="{90b72157-c772-47de-abe6-0feb1d0d724c}" behavior="0" />
      <RootComponent type="60" id="{93b20abd-e7f6-4eb2-9379-a1b35faba35b}" behavior="0" />
      <RootComponent type="60" id="{e16bf424-d4b1-4405-aafa-ac8a69dec819}" behavior="0" />
      <RootComponent type="62" behavior="0" />
      <RootComponent type="62" schemaName="msnfp_NonprofitAccelerator" behavior="0" />
      <RootComponent type="62" schemaName="new_DeliveryFramework" behavior="0" />
      <RootComponent type="80" schemaName="new_DeliveryFramework" behavior="0" />
    </RootComponents>
    <MissingDependencies>
      <MissingDependency>
        <Required key="0" type="1" schemaName="msnfp_result" displayName="Result" solution="Active" />
        <Dependent key="0" type="1" schemaName="msnfp_result" displayName="Result" />
      </MissingDependency>
      <MissingDependency>
        <Required key="1" type="1" schemaName="msnfp_deliveryframework" displayName="Delivery Framework" solution="Active" />
        <Dependent key="1" type="1" schemaName="msnfp_deliveryframework" displayName="Delivery Framework" />
      </MissingDependency>
      <MissingDependency>
        <Required key="2" type="1" schemaName="msnfp_indicator" displayName="Indicator" solution="Active" />
        <Dependent key="2" type="1" schemaName="msnfp_indicator" displayName="Indicator" />
      </MissingDependency>
      <MissingDependency>
        <Required key="3" type="1" schemaName="msnfp_objective" displayName="Objective" solution="Active" />
        <Dependent key="3" type="1" schemaName="msnfp_objective" displayName="Objective" />
      </MissingDependency>
      <MissingDependency>
        <Required key="4" type="1" schemaName="msnfp_budget" displayName="Budget" solution="Active" />
        <Dependent key="5" type="62" schemaName="msnfp_NonprofitAccelerator" />
      </MissingDependency>
      <MissingDependency>
        <Required key="6" type="1" schemaName="msnfp_transaction" displayName="Transaction" solution="Active" />
        <Dependent key="5" type="62" schemaName="msnfp_NonprofitAccelerator" />
      </MissingDependency>
      <MissingDependency>
        <Required key="7" type="1" schemaName="msnfp_recommendation" displayName="Recommendation" solution="Active" />
        <Dependent key="5" type="62" schemaName="msnfp_NonprofitAccelerator" />
      </MissingDependency>
      <MissingDependency>
        <Required key="8" type="1" schemaName="msnfp_plannedgiving" displayName="Planned Giving" solution="Active" />
        <Dependent key="5" type="62" schemaName="msnfp_NonprofitAccelerator" />
      </MissingDependency>
      <MissingDependency>
        <Required key="9" type="1" schemaName="msnfp_resourcecatalog" displayName="Resource Catalog" solution="Active" />
        <Dependent key="5" type="62" schemaName="msnfp_NonprofitAccelerator" />
      </MissingDependency>
      <MissingDependency>
        <Required key="10" type="1" schemaName="msnfp_review" displayName="Review" solution="Active" />
        <Dependent key="5" type="62" schemaName="msnfp_NonprofitAccelerator" />
      </MissingDependency>
      <MissingDependency>
        <Required key="11" type="1" schemaName="msnfp_request" displayName="Request" solution="Active" />
        <Dependent key="5" type="62" schemaName="msnfp_NonprofitAccelerator" />
      </MissingDependency>
      <MissingDependency>
        <Required key="12" type="1" schemaName="msnfp_designation" displayName="Designation" solution="Active" />
        <Dependent key="5" type="62" schemaName="msnfp_NonprofitAccelerator" />
      </MissingDependency>
      <MissingDependency>
        <Required key="13" type="1" schemaName="msnfp_disbursement" displayName="Disbursement" solution="Active" />
        <Dependent key="5" type="62" schemaName="msnfp_NonprofitAccelerator" />
      </MissingDependency>
      <MissingDependency>
        <Required key="14" type="1" schemaName="msnfp_report" displayName="Report" solution="Active" />
        <Dependent key="5" type="62" schemaName="msnfp_NonprofitAccelerator" />
      </MissingDependency>
      <MissingDependency>
        <Required key="15" type="1" schemaName="msnfp_membershipcategory" displayName="Membership Category" solution="Active" />
        <Dependent key="5" type="62" schemaName="msnfp_NonprofitAccelerator" />
      </MissingDependency>
      <MissingDependency>
        <Required key="16" type="1" schemaName="msnfp_membership" displayName="Membership" solution="Active" />
        <Dependent key="5" type="62" schemaName="msnfp_NonprofitAccelerator" />
      </MissingDependency>
      <MissingDependency>
        <Required key="17" type="1" schemaName="msnfp_indicatorvalue" displayName="Indicator Value" solution="Active" />
        <Dependent key="5" type="62" schemaName="msnfp_NonprofitAccelerator" />
      </MissingDependency>
      <MissingDependency>
        <Required key="18" type="1" schemaName="msnfp_award" displayName="Award" solution="Active" />
        <Dependent key="5" type="62" schemaName="msnfp_NonprofitAccelerator" />
      </MissingDependency>
      <MissingDependency>
        <Required key="19" type="1" schemaName="msnfp_paymentmethod" displayName="Payment Method" solution="Active" />
        <Dependent key="5" type="62" schemaName="msnfp_NonprofitAccelerator" />
      </MissingDependency>
      <MissingDependency>
        <Required key="20" type="1" schemaName="msnfp_docket" displayName="Docket" solution="Active" />
        <Dependent key="5" type="62" schemaName="msnfp_NonprofitAccelerator" />
      </MissingDependency>
      <MissingDependency>
        <Required key="17" type="1" schemaName="msnfp_indicatorvalue" displayName="Indicator Value" solution="Active" />
        <Dependent key="21" type="80" schemaName="new_DeliveryFramework" displayName="Delivery Framework" />
      </MissingDependency>
      <MissingDependency>
        <Required key="4" type="1" schemaName="msnfp_budget" displayName="Budget" solution="Active" />
        <Dependent key="21" type="80" schemaName="new_DeliveryFramework" displayName="Delivery Framework" />
      </MissingDependency>
      <MissingDependency>
        <Required key="22" type="1" schemaName="msnfp_donorcommitment" displayName="Donor Commitment" solution="Active" />
        <Dependent key="5" type="62" schemaName="msnfp_NonprofitAccelerator" />
      </MissingDependency>
      <MissingDependency>
        <Required key="4" type="1" schemaName="msnfp_budget" displayName="Budget" solution="Active" />
        <Dependent key="23" type="62" schemaName="new_DeliveryFramework" />
      </MissingDependency>
      <MissingDependency>
        <Required key="17" type="1" schemaName="msnfp_indicatorvalue" displayName="Indicator Value" solution="Active" />
        <Dependent key="23" type="62" schemaName="new_DeliveryFramework" />
      </MissingDependency>
      <MissingDependency>
        <Required key="24" type="1" schemaName="msdyn_solutionhistory" displayName="Solution History" solution="SolutionHistoryAPIs (9.1.0.10)" />
        <Dependent key="25" type="62" />
      </MissingDependency>
      <MissingDependency>
        <Required key="17" type="1" schemaName="msnfp_indicatorvalue" displayName="Indicator Value" solution="Active" />
        <Dependent key="25" type="62" />
      </MissingDependency>
      <MissingDependency>
        <Required key="9" type="1" schemaName="msnfp_resourcecatalog" displayName="Resource Catalog" solution="Active" />
        <Dependent key="25" type="62" />
      </MissingDependency>
      <MissingDependency>
        <Required key="18" type="1" schemaName="msnfp_award" displayName="Award" solution="Active" />
        <Dependent key="25" type="62" />
      </MissingDependency>
      <MissingDependency>
        <Required key="7" type="1" schemaName="msnfp_recommendation" displayName="Recommendation" solution="Active" />
        <Dependent key="25" type="62" />
      </MissingDependency>
      <MissingDependency>
        <Required key="19" type="1" schemaName="msnfp_paymentmethod" displayName="Payment Method" solution="Active" />
        <Dependent key="25" type="62" />
      </MissingDependency>
      <MissingDependency>
        <Required key="12" type="1" schemaName="msnfp_designation" displayName="Designation" solution="Active" />
        <Dependent key="25" type="62" />
      </MissingDependency>
      <MissingDependency>
        <Required key="6" type="1" schemaName="msnfp_transaction" displayName="Transaction" solution="Active" />
        <Dependent key="25" type="62" />
      </MissingDependency>
      <MissingDependency>
        <Required key="10" type="1" schemaName="msnfp_review" displayName="Review" solution="Active" />
        <Dependent key="25" type="62" />
      </MissingDependency>
      <MissingDependency>
        <Required key="15" type="1" schemaName="msnfp_membershipcategory" displayName="Membership Category" solution="Active" />
        <Dependent key="25" type="62" />
      </MissingDependency>
      <MissingDependency>
        <Required key="13" type="1" schemaName="msnfp_disbursement" displayName="Disbursement" solution="Active" />
        <Dependent key="25" type="62" />
      </MissingDependency>
      <MissingDependency>
        <Required key="16" type="1" schemaName="msnfp_membership" displayName="Membership" solution="Active" />
        <Dependent key="25" type="62" />
      </MissingDependency>
      <MissingDependency>
        <Required key="4" type="1" schemaName="msnfp_budget" displayName="Budget" solution="Active" />
        <Dependent key="25" type="62" />
      </MissingDependency>
      <MissingDependency>
        <Required key="20" type="1" schemaName="msnfp_docket" displayName="Docket" solution="Active" />
        <Dependent key="25" type="62" />
      </MissingDependency>
      <MissingDependency>
        <Required key="11" type="1" schemaName="msnfp_request" displayName="Request" solution="Active" />
        <Dependent key="25" type="62" />
      </MissingDependency>
      <MissingDependency>
        <Required key="14" type="1" schemaName="msnfp_report" displayName="Report" solution="Active" />
        <Dependent key="25" type="62" />
      </MissingDependency>
      <MissingDependency>
        <Required key="8" type="1" schemaName="msnfp_plannedgiving" displayName="Planned Giving" solution="Active" />
        <Dependent key="25" type="62" />
      </MissingDependency>
      <MissingDependency>
        <Required key="22" type="1" schemaName="msnfp_donorcommitment" displayName="Donor Commitment" solution="Active" />
        <Dependent key="25" type="62" />
      </MissingDependency>
      <MissingDependency>
        <Required key="26" type="2" schemaName="msnfp_name" displayName="Name" parentSchemaName="msnfp_deliveryframework" parentDisplayName="Delivery Framework" solution="Active" />
        <Dependent key="27" type="10" schemaName="msnfp_deliveryframework_measurementitemusage" displayName="msnfp_deliveryframework_measurementitemusage" parentSchemaName="msnfp_deliveryframework" parentDisplayName="Delivery Framework" />
      </MissingDependency>
      <MissingDependency>
        <Required key="28" type="2" schemaName="msnfp_deliveryframeworkid" displayName="Delivery Framework" parentSchemaName="msnfp_deliveryframework" parentDisplayName="Delivery Framework" solution="Active" />
        <Dependent key="27" type="10" schemaName="msnfp_deliveryframework_measurementitemusage" displayName="msnfp_deliveryframework_measurementitemusage" parentSchemaName="msnfp_deliveryframework" parentDisplayName="Delivery Framework" />
      </MissingDependency>
      <MissingDependency>
        <Required key="29" type="2" schemaName="msnfp_objectiveid" displayName="Objective" parentSchemaName="msnfp_objective" parentDisplayName="Objective" solution="Active" />
        <Dependent key="30" type="10" schemaName="msnfp_objective_measurementitemusage" displayName="msnfp_objective_measurementitemusage" parentSchemaName="msnfp_objective" parentDisplayName="Objective" />
      </MissingDependency>
      <MissingDependency>
        <Required key="31" type="2" schemaName="statecode" displayName="Status" parentSchemaName="msnfp_result" parentDisplayName="Result" solution="Active" />
        <Dependent key="32" type="26" schemaName="Output" displayName="Output" parentSchemaName="msnfp_measurementitemusage" parentDisplayName="Measurement Item Usage" id="{42a41f5c-1be5-e911-a97a-000d3a59746e}" />
      </MissingDependency>
      <MissingDependency>
        <Required key="33" type="2" schemaName="msnfp_resultid" displayName="Result" parentSchemaName="msnfp_result" parentDisplayName="Result" solution="Active" />
        <Dependent key="32" type="26" schemaName="Output" displayName="Output" parentSchemaName="msnfp_measurementitemusage" parentDisplayName="Measurement Item Usage" id="{42a41f5c-1be5-e911-a97a-000d3a59746e}" />
      </MissingDependency>
      <MissingDependency>
        <Required key="34" type="2" schemaName="msnfp_resulttype" displayName="Result Type" parentSchemaName="msnfp_result" parentDisplayName="Result" solution="Active" />
        <Dependent key="35" type="60" displayName="Information" parentDisplayName="Result" id="{90b72157-c772-47de-abe6-0feb1d0d724c}" />
      </MissingDependency>
      <MissingDependency>
        <Required key="36" type="2" schemaName="modifiedon" displayName="Modified On" parentSchemaName="msnfp_result" parentDisplayName="Result" solution="Active" />
        <Dependent key="35" type="60" displayName="Information" parentDisplayName="Result" id="{90b72157-c772-47de-abe6-0feb1d0d724c}" />
      </MissingDependency>
      <MissingDependency>
        <Required key="33" type="2" schemaName="msnfp_resultid" displayName="Result" parentSchemaName="msnfp_result" parentDisplayName="Result" solution="Active" />
        <Dependent key="37" type="10" schemaName="msnfp_result_measurementitemusage" displayName="msnfp_result_measurementitemusage" parentSchemaName="msnfp_result" parentDisplayName="Result" />
      </MissingDependency>
      <MissingDependency>
        <Required key="38" type="2" schemaName="msnfp_indicatorid" displayName="Indicator" parentSchemaName="msnfp_indicator" parentDisplayName="Indicator" solution="Active" />
        <Dependent key="39" type="10" schemaName="msnfp_indicator_measurementitemusage" displayName="msnfp_indicator_measurementitemusage" parentSchemaName="msnfp_indicator" parentDisplayName="Indicator" />
      </MissingDependency>
      <MissingDependency>
        <Required key="40" type="2" schemaName="msnfp_name" displayName="Name" parentSchemaName="msnfp_objective" parentDisplayName="Objective" solution="Active" />
        <Dependent key="30" type="10" schemaName="msnfp_objective_measurementitemusage" displayName="msnfp_objective_measurementitemusage" parentSchemaName="msnfp_objective" parentDisplayName="Objective" />
      </MissingDependency>
      <MissingDependency>
        <Required key="41" type="2" schemaName="msnfp_scope" displayName="Scope" parentSchemaName="msnfp_deliveryframework" parentDisplayName="Delivery Framework" solution="Active" />
        <Dependent key="42" type="26" schemaName="Logframes" displayName="Logframes" parentSchemaName="msnfp_measurementitemusage" parentDisplayName="Measurement Item Usage" id="{c2238593-57e5-e911-a97a-000d3a59746e}" />
      </MissingDependency>
      <MissingDependency>
        <Required key="43" type="2" schemaName="msnfp_goal" displayName="Goal" parentSchemaName="msnfp_deliveryframework" parentDisplayName="Delivery Framework" solution="Active" />
        <Dependent key="42" type="26" schemaName="Logframes" displayName="Logframes" parentSchemaName="msnfp_measurementitemusage" parentDisplayName="Measurement Item Usage" id="{c2238593-57e5-e911-a97a-000d3a59746e}" />
      </MissingDependency>
      <MissingDependency>
        <Required key="44" type="2" schemaName="msnfp_description" displayName="Description" parentSchemaName="msnfp_deliveryframework" parentDisplayName="Delivery Framework" solution="Active" />
        <Dependent key="42" type="26" schemaName="Logframes" displayName="Logframes" parentSchemaName="msnfp_measurementitemusage" parentDisplayName="Measurement Item Usage" id="{c2238593-57e5-e911-a97a-000d3a59746e}" />
      </MissingDependency>
      <MissingDependency>
        <Required key="26" type="2" schemaName="msnfp_name" displayName="Name" parentSchemaName="msnfp_deliveryframework" parentDisplayName="Delivery Framework" solution="Active" />
        <Dependent key="42" type="26" schemaName="Logframes" displayName="Logframes" parentSchemaName="msnfp_measurementitemusage" parentDisplayName="Measurement Item Usage" id="{c2238593-57e5-e911-a97a-000d3a59746e}" />
      </MissingDependency>
      <MissingDependency>
        <Required key="45" type="2" schemaName="msnfp_plannedenddate" displayName="Planned End Date" parentSchemaName="msnfp_deliveryframework" parentDisplayName="Delivery Framework" solution="Active" />
        <Dependent key="42" type="26" schemaName="Logframes" displayName="Logframes" parentSchemaName="msnfp_measurementitemusage" parentDisplayName="Measurement Item Usage" id="{c2238593-57e5-e911-a97a-000d3a59746e}" />
      </MissingDependency>
      <MissingDependency>
        <Required key="46" type="2" schemaName="overriddencreatedon" displayName="Record Created On" parentSchemaName="msnfp_deliveryframework" parentDisplayName="Delivery Framework" solution="Active" />
        <Dependent key="42" type="26" schemaName="Logframes" displayName="Logframes" parentSchemaName="msnfp_measurementitemusage" parentDisplayName="Measurement Item Usage" id="{c2238593-57e5-e911-a97a-000d3a59746e}" />
      </MissingDependency>
      <MissingDependency>
        <Required key="47" type="2" schemaName="msnfp_plannedstartdate" displayName="Planned Start Date" parentSchemaName="msnfp_deliveryframework" parentDisplayName="Delivery Framework" solution="Active" />
        <Dependent key="42" type="26" schemaName="Logframes" displayName="Logframes" parentSchemaName="msnfp_measurementitemusage" parentDisplayName="Measurement Item Usage" id="{c2238593-57e5-e911-a97a-000d3a59746e}" />
      </MissingDependency>
      <MissingDependency>
        <Required key="48" type="2" schemaName="msnfp_startdate" displayName="Start Date" parentSchemaName="msnfp_deliveryframework" parentDisplayName="Delivery Framework" solution="Active" />
        <Dependent key="42" type="26" schemaName="Logframes" displayName="Logframes" parentSchemaName="msnfp_measurementitemusage" parentDisplayName="Measurement Item Usage" id="{c2238593-57e5-e911-a97a-000d3a59746e}" />
      </MissingDependency>
      <MissingDependency>
        <Required key="49" type="2" schemaName="statecode" displayName="Status" parentSchemaName="msnfp_deliveryframework" parentDisplayName="Delivery Framework" solution="Active" />
        <Dependent key="42" type="26" schemaName="Logframes" displayName="Logframes" parentSchemaName="msnfp_measurementitemusage" parentDisplayName="Measurement Item Usage" id="{c2238593-57e5-e911-a97a-000d3a59746e}" />
      </MissingDependency>
      <MissingDependency>
        <Required key="50" type="2" schemaName="createdby" displayName="Created By" parentSchemaName="msnfp_deliveryframework" parentDisplayName="Delivery Framework" solution="Active" />
        <Dependent key="42" type="26" schemaName="Logframes" displayName="Logframes" parentSchemaName="msnfp_measurementitemusage" parentDisplayName="Measurement Item Usage" id="{c2238593-57e5-e911-a97a-000d3a59746e}" />
      </MissingDependency>
      <MissingDependency>
        <Required key="51" type="2" schemaName="msnfp_parentdeliveryframeworkid" displayName="Parent Delivery Framework" parentSchemaName="msnfp_deliveryframework" parentDisplayName="Delivery Framework" solution="Active" />
        <Dependent key="42" type="26" schemaName="Logframes" displayName="Logframes" parentSchemaName="msnfp_measurementitemusage" parentDisplayName="Measurement Item Usage" id="{c2238593-57e5-e911-a97a-000d3a59746e}" />
      </MissingDependency>
      <MissingDependency>
        <Required key="28" type="2" schemaName="msnfp_deliveryframeworkid" displayName="Delivery Framework" parentSchemaName="msnfp_deliveryframework" parentDisplayName="Delivery Framework" solution="Active" />
        <Dependent key="42" type="26" schemaName="Logframes" displayName="Logframes" parentSchemaName="msnfp_measurementitemusage" parentDisplayName="Measurement Item Usage" id="{c2238593-57e5-e911-a97a-000d3a59746e}" />
      </MissingDependency>
      <MissingDependency>
        <Required key="52" type="2" schemaName="msnfp_deliveryframeworktype" displayName="Delivery Framework Type" parentSchemaName="msnfp_deliveryframework" parentDisplayName="Delivery Framework" solution="Active" />
        <Dependent key="42" type="26" schemaName="Logframes" displayName="Logframes" parentSchemaName="msnfp_measurementitemusage" parentDisplayName="Measurement Item Usage" id="{c2238593-57e5-e911-a97a-000d3a59746e}" />
      </MissingDependency>
      <MissingDependency>
        <Required key="53" type="2" schemaName="msnfp_status" displayName="Status" parentSchemaName="msnfp_deliveryframework" parentDisplayName="Delivery Framework" solution="Active" />
        <Dependent key="42" type="26" schemaName="Logframes" displayName="Logframes" parentSchemaName="msnfp_measurementitemusage" parentDisplayName="Measurement Item Usage" id="{c2238593-57e5-e911-a97a-000d3a59746e}" />
      </MissingDependency>
      <MissingDependency>
        <Required key="54" type="2" schemaName="msnfp_account" displayName="Account" parentSchemaName="msnfp_deliveryframework" parentDisplayName="Delivery Framework" solution="Active" />
        <Dependent key="42" type="26" schemaName="Logframes" displayName="Logframes" parentSchemaName="msnfp_measurementitemusage" parentDisplayName="Measurement Item Usage" id="{c2238593-57e5-e911-a97a-000d3a59746e}" />
      </MissingDependency>
      <MissingDependency>
        <Required key="55" type="2" schemaName="msnfp_enddate" displayName="End Date" parentSchemaName="msnfp_deliveryframework" parentDisplayName="Delivery Framework" solution="Active" />
        <Dependent key="42" type="26" schemaName="Logframes" displayName="Logframes" parentSchemaName="msnfp_measurementitemusage" parentDisplayName="Measurement Item Usage" id="{c2238593-57e5-e911-a97a-000d3a59746e}" />
      </MissingDependency>
      <MissingDependency>
        <Required key="56" type="2" schemaName="msnfp_aggregationstatus" displayName="Aggregation Status" parentSchemaName="msnfp_result" parentDisplayName="Result" solution="Active" />
        <Dependent key="35" type="60" displayName="Information" parentDisplayName="Result" id="{90b72157-c772-47de-abe6-0feb1d0d724c}" />
      </MissingDependency>
      <MissingDependency>
        <Required key="57" type="2" schemaName="msnfp_deliveryframeworkid" displayName="Delivery Framework" parentSchemaName="msnfp_result" parentDisplayName="Result" solution="Active" />
        <Dependent key="35" type="60" displayName="Information" parentDisplayName="Result" id="{90b72157-c772-47de-abe6-0feb1d0d724c}" />
      </MissingDependency>
      <MissingDependency>
        <Required key="58" type="2" schemaName="ownerid" displayName="Owner" parentSchemaName="msnfp_result" parentDisplayName="Result" solution="Active" />
        <Dependent key="35" type="60" displayName="Information" parentDisplayName="Result" id="{90b72157-c772-47de-abe6-0feb1d0d724c}" />
      </MissingDependency>
      <MissingDependency>
        <Required key="59" type="2" schemaName="createdby" displayName="Created By" parentSchemaName="msnfp_result" parentDisplayName="Result" solution="Active" />
        <Dependent key="35" type="60" displayName="Information" parentDisplayName="Result" id="{90b72157-c772-47de-abe6-0feb1d0d724c}" />
      </MissingDependency>
      <MissingDependency>
        <Required key="60" type="2" schemaName="createdon" displayName="Created On" parentSchemaName="msnfp_result" parentDisplayName="Result" solution="Active" />
        <Dependent key="35" type="60" displayName="Information" parentDisplayName="Result" id="{90b72157-c772-47de-abe6-0feb1d0d724c}" />
      </MissingDependency>
      <MissingDependency>
        <Required key="61" type="2" schemaName="msnfp_description" displayName="Description" parentSchemaName="msnfp_result" parentDisplayName="Result" solution="Active" />
        <Dependent key="35" type="60" displayName="Information" parentDisplayName="Result" id="{90b72157-c772-47de-abe6-0feb1d0d724c}" />
      </MissingDependency>
      <MissingDependency>
        <Required key="62" type="2" schemaName="modifiedby" displayName="Modified By" parentSchemaName="msnfp_result" parentDisplayName="Result" solution="Active" />
        <Dependent key="35" type="60" displayName="Information" parentDisplayName="Result" id="{90b72157-c772-47de-abe6-0feb1d0d724c}" />
      </MissingDependency>
      <MissingDependency>
        <Required key="63" type="2" schemaName="msnfp_startdate" displayName="Start Date" parentSchemaName="msnfp_result" parentDisplayName="Result" solution="Active" />
        <Dependent key="35" type="60" displayName="Information" parentDisplayName="Result" id="{90b72157-c772-47de-abe6-0feb1d0d724c}" />
      </MissingDependency>
      <MissingDependency>
        <Required key="64" type="2" schemaName="msnfp_enddate" displayName="End Date" parentSchemaName="msnfp_result" parentDisplayName="Result" solution="Active" />
        <Dependent key="35" type="60" displayName="Information" parentDisplayName="Result" id="{90b72157-c772-47de-abe6-0feb1d0d724c}" />
      </MissingDependency>
      <MissingDependency>
        <Required key="52" type="2" schemaName="msnfp_deliveryframeworktype" displayName="Delivery Framework Type" parentSchemaName="msnfp_deliveryframework" parentDisplayName="Delivery Framework" solution="Active" />
        <Dependent key="65" type="60" displayName="Information" parentDisplayName="Delivery Framework" id="{e16bf424-d4b1-4405-aafa-ac8a69dec819}" />
      </MissingDependency>
      <MissingDependency>
        <Required key="50" type="2" schemaName="createdby" displayName="Created By" parentSchemaName="msnfp_deliveryframework" parentDisplayName="Delivery Framework" solution="Active" />
        <Dependent key="65" type="60" displayName="Information" parentDisplayName="Delivery Framework" id="{e16bf424-d4b1-4405-aafa-ac8a69dec819}" />
      </MissingDependency>
      <MissingDependency>
        <Required key="66" type="2" schemaName="ownerid" displayName="Owner" parentSchemaName="msnfp_deliveryframework" parentDisplayName="Delivery Framework" solution="Active" />
        <Dependent key="65" type="60" displayName="Information" parentDisplayName="Delivery Framework" id="{e16bf424-d4b1-4405-aafa-ac8a69dec819}" />
      </MissingDependency>
      <MissingDependency>
        <Required key="43" type="2" schemaName="msnfp_goal" displayName="Goal" parentSchemaName="msnfp_deliveryframework" parentDisplayName="Delivery Framework" solution="Active" />
        <Dependent key="65" type="60" displayName="Information" parentDisplayName="Delivery Framework" id="{e16bf424-d4b1-4405-aafa-ac8a69dec819}" />
      </MissingDependency>
      <MissingDependency>
        <Required key="67" type="2" schemaName="modifiedby" displayName="Modified By" parentSchemaName="msnfp_deliveryframework" parentDisplayName="Delivery Framework" solution="Active" />
        <Dependent key="65" type="60" displayName="Information" parentDisplayName="Delivery Framework" id="{e16bf424-d4b1-4405-aafa-ac8a69dec819}" />
      </MissingDependency>
      <MissingDependency>
        <Required key="68" type="2" schemaName="createdon" displayName="Created On" parentSchemaName="msnfp_deliveryframework" parentDisplayName="Delivery Framework" solution="Active" />
        <Dependent key="65" type="60" displayName="Information" parentDisplayName="Delivery Framework" id="{e16bf424-d4b1-4405-aafa-ac8a69dec819}" />
      </MissingDependency>
      <MissingDependency>
        <Required key="53" type="2" schemaName="msnfp_status" displayName="Status" parentSchemaName="msnfp_deliveryframework" parentDisplayName="Delivery Framework" solution="Active" />
        <Dependent key="65" type="60" displayName="Information" parentDisplayName="Delivery Framework" id="{e16bf424-d4b1-4405-aafa-ac8a69dec819}" />
      </MissingDependency>
      <MissingDependency>
        <Required key="47" type="2" schemaName="msnfp_plannedstartdate" displayName="Planned Start Date" parentSchemaName="msnfp_deliveryframework" parentDisplayName="Delivery Framework" solution="Active" />
        <Dependent key="65" type="60" displayName="Information" parentDisplayName="Delivery Framework" id="{e16bf424-d4b1-4405-aafa-ac8a69dec819}" />
      </MissingDependency>
      <MissingDependency>
        <Required key="55" type="2" schemaName="msnfp_enddate" displayName="End Date" parentSchemaName="msnfp_deliveryframework" parentDisplayName="Delivery Framework" solution="Active" />
        <Dependent key="65" type="60" displayName="Information" parentDisplayName="Delivery Framework" id="{e16bf424-d4b1-4405-aafa-ac8a69dec819}" />
      </MissingDependency>
      <MissingDependency>
        <Required key="69" type="2" schemaName="msnfp_objectiveid" displayName="Objective" parentSchemaName="msnfp_deliveryframework" parentDisplayName="Delivery Framework" solution="Active" />
        <Dependent key="65" type="60" displayName="Information" parentDisplayName="Delivery Framework" id="{e16bf424-d4b1-4405-aafa-ac8a69dec819}" />
      </MissingDependency>
      <MissingDependency>
        <Required key="51" type="2" schemaName="msnfp_parentdeliveryframeworkid" displayName="Parent Delivery Framework" parentSchemaName="msnfp_deliveryframework" parentDisplayName="Delivery Framework" solution="Active" />
        <Dependent key="65" type="60" displayName="Information" parentDisplayName="Delivery Framework" id="{e16bf424-d4b1-4405-aafa-ac8a69dec819}" />
      </MissingDependency>
      <MissingDependency>
        <Required key="44" type="2" schemaName="msnfp_description" displayName="Description" parentSchemaName="msnfp_deliveryframework" parentDisplayName="Delivery Framework" solution="Active" />
        <Dependent key="65" type="60" displayName="Information" parentDisplayName="Delivery Framework" id="{e16bf424-d4b1-4405-aafa-ac8a69dec819}" />
      </MissingDependency>
      <MissingDependency>
        <Required key="48" type="2" schemaName="msnfp_startdate" displayName="Start Date" parentSchemaName="msnfp_deliveryframework" parentDisplayName="Delivery Framework" solution="Active" />
        <Dependent key="65" type="60" displayName="Information" parentDisplayName="Delivery Framework" id="{e16bf424-d4b1-4405-aafa-ac8a69dec819}" />
      </MissingDependency>
      <MissingDependency>
        <Required key="70" type="2" schemaName="modifiedon" displayName="Modified On" parentSchemaName="msnfp_deliveryframework" parentDisplayName="Delivery Framework" solution="Active" />
        <Dependent key="65" type="60" displayName="Information" parentDisplayName="Delivery Framework" id="{e16bf424-d4b1-4405-aafa-ac8a69dec819}" />
      </MissingDependency>
      <MissingDependency>
        <Required key="26" type="2" schemaName="msnfp_name" displayName="Name" parentSchemaName="msnfp_deliveryframework" parentDisplayName="Delivery Framework" solution="Active" />
        <Dependent key="65" type="60" displayName="Information" parentDisplayName="Delivery Framework" id="{e16bf424-d4b1-4405-aafa-ac8a69dec819}" />
      </MissingDependency>
      <MissingDependency>
        <Required key="41" type="2" schemaName="msnfp_scope" displayName="Scope" parentSchemaName="msnfp_deliveryframework" parentDisplayName="Delivery Framework" solution="Active" />
        <Dependent key="65" type="60" displayName="Information" parentDisplayName="Delivery Framework" id="{e16bf424-d4b1-4405-aafa-ac8a69dec819}" />
      </MissingDependency>
      <MissingDependency>
        <Required key="54" type="2" schemaName="msnfp_account" displayName="Account" parentSchemaName="msnfp_deliveryframework" parentDisplayName="Delivery Framework" solution="Active" />
        <Dependent key="65" type="60" displayName="Information" parentDisplayName="Delivery Framework" id="{e16bf424-d4b1-4405-aafa-ac8a69dec819}" />
      </MissingDependency>
      <MissingDependency>
        <Required key="45" type="2" schemaName="msnfp_plannedenddate" displayName="Planned End Date" parentSchemaName="msnfp_deliveryframework" parentDisplayName="Delivery Framework" solution="Active" />
        <Dependent key="65" type="60" displayName="Information" parentDisplayName="Delivery Framework" id="{e16bf424-d4b1-4405-aafa-ac8a69dec819}" />
      </MissingDependency>
      <MissingDependency>
        <Required key="71" type="10" schemaName="msnfp_deliveryframework_deliveryframework_ParentDeliveryFrameworkId" displayName="msnfp_deliveryframework_deliveryframework_ParentDeliveryFrameworkId" parentSchemaName="msnfp_deliveryframework" parentDisplayName="Delivery Framework" solution="Active" />
        <Dependent key="65" type="60" displayName="Information" parentDisplayName="Delivery Framework" id="{e16bf424-d4b1-4405-aafa-ac8a69dec819}" />
      </MissingDependency>
      <MissingDependency>
        <Required key="72" type="10" schemaName="msnfp_account_deliveryframework_Account" displayName="msnfp_account_deliveryframework_Account" parentSchemaName="account" parentDisplayName="Account" solution="Active" />
        <Dependent key="65" type="60" displayName="Information" parentDisplayName="Delivery Framework" id="{e16bf424-d4b1-4405-aafa-ac8a69dec819}" />
      </MissingDependency>
      <MissingDependency>
        <Required key="73" type="10" schemaName="msnfp_deliveryframework_result_deliveryframeworkid" displayName="msnfp_deliveryframework_result_deliveryframeworkid" parentSchemaName="msnfp_deliveryframework" parentDisplayName="Delivery Framework" solution="Active" />
        <Dependent key="65" type="60" displayName="Information" parentDisplayName="Delivery Framework" id="{e16bf424-d4b1-4405-aafa-ac8a69dec819}" />
      </MissingDependency>
      <MissingDependency>
        <Required key="74" type="10" schemaName="msnfp_deliveryframework_budget_deliveryframeworkid" displayName="msnfp_deliveryframework_budget_deliveryframeworkid" parentSchemaName="msnfp_deliveryframework" parentDisplayName="Delivery Framework" solution="Active" />
        <Dependent key="65" type="60" displayName="Information" parentDisplayName="Delivery Framework" id="{e16bf424-d4b1-4405-aafa-ac8a69dec819}" />
      </MissingDependency>
      <MissingDependency>
        <Required key="75" type="10" schemaName="msnfp_objective_deliveryframework_objectiveid" displayName="msnfp_objective_deliveryframework_objectiveid" parentSchemaName="msnfp_objective" parentDisplayName="Objective" solution="Active" />
        <Dependent key="65" type="60" displayName="Information" parentDisplayName="Delivery Framework" id="{e16bf424-d4b1-4405-aafa-ac8a69dec819}" />
      </MissingDependency>
      <MissingDependency>
        <Required key="73" type="10" schemaName="msnfp_deliveryframework_result_deliveryframeworkid" displayName="msnfp_deliveryframework_result_deliveryframeworkid" parentSchemaName="msnfp_deliveryframework" parentDisplayName="Delivery Framework" solution="Active" />
        <Dependent key="35" type="60" displayName="Information" parentDisplayName="Result" id="{90b72157-c772-47de-abe6-0feb1d0d724c}" />
      </MissingDependency>
      <MissingDependency>
        <Required key="76" type="10" schemaName="msnfp_deliveryframework_disbursementdistribution_DeliveryFrameworkId" displayName="msnfp_deliveryframework_disbursementdistribution_DeliveryFrameworkId" parentSchemaName="msnfp_deliveryframework" parentDisplayName="Delivery Framework" solution="Active" />
        <Dependent key="65" type="60" displayName="Information" parentDisplayName="Delivery Framework" id="{e16bf424-d4b1-4405-aafa-ac8a69dec819}" />
      </MissingDependency>
      <MissingDependency>
        <Required key="77" type="61" schemaName="msnfp_Indicator32" displayName="msnfp_Indicator32" solution="Active" />
        <Dependent key="2" type="1" schemaName="msnfp_indicator" displayName="Indicator" />
      </MissingDependency>
      <MissingDependency>
        <Required key="78" type="61" schemaName="msnfp_Indicator16" displayName="msnfp_Indicator16" solution="Active" />
        <Dependent key="2" type="1" schemaName="msnfp_indicator" displayName="Indicator" />
      </MissingDependency>
      <MissingDependency>
        <Required key="79" type="61" schemaName="msnfp_IndicatorSVG" displayName="msnfp_IndicatorSVG" solution="Active" />
        <Dependent key="2" type="1" schemaName="msnfp_indicator" displayName="Indicator" />
      </MissingDependency>
      <MissingDependency>
        <Required key="80" type="61" schemaName="msnfp_deliveryframework16" displayName="msnfp_deliveryframework16" solution="Active" />
        <Dependent key="21" type="80" schemaName="new_DeliveryFramework" displayName="Delivery Framework" />
      </MissingDependency>
      <MissingDependency>
        <Required key="81" type="61" schemaName="msnfp_nonprofithubwelcomepage" displayName="msnfp_nonprofithubwelcomepage" solution="Active" />
        <Dependent key="21" type="80" schemaName="new_DeliveryFramework" displayName="Delivery Framework" />
      </MissingDependency>
      <MissingDependency>
        <Required key="82" type="61" schemaName="msnfp_accountsvg" displayName="msnfp_accountsvg" solution="Active" />
        <Dependent key="5" type="62" schemaName="msnfp_NonprofitAccelerator" />
      </MissingDependency>
      <MissingDependency>
        <Required key="83" type="61" schemaName="msnfp_grantrequestsvg" displayName="msnfp_grantrequestsvg" solution="Active" />
        <Dependent key="5" type="62" schemaName="msnfp_NonprofitAccelerator" />
      </MissingDependency>
      <MissingDependency>
        <Required key="84" type="61" schemaName="msnfp_donorsvg" displayName="msnfp_donorsvg" solution="Active" />
        <Dependent key="5" type="62" schemaName="msnfp_NonprofitAccelerator" />
      </MissingDependency>
      <MissingDependency>
        <Required key="85" type="61" schemaName="msnfp_Result32" displayName="msnfp_Result32" solution="Active" />
        <Dependent key="0" type="1" schemaName="msnfp_result" displayName="Result" />
      </MissingDependency>
      <MissingDependency>
        <Required key="86" type="61" schemaName="msnfp_ResultSVG" displayName="msnfp_ResultSVG" solution="Active" />
        <Dependent key="0" type="1" schemaName="msnfp_result" displayName="Result" />
      </MissingDependency>
      <MissingDependency>
        <Required key="87" type="61" schemaName="msnfp_Result16" displayName="msnfp_Result16" solution="Active" />
        <Dependent key="0" type="1" schemaName="msnfp_result" displayName="Result" />
      </MissingDependency>
      <MissingDependency>
        <Required key="83" type="61" schemaName="msnfp_grantrequestsvg" displayName="msnfp_grantrequestsvg" solution="Active" />
        <Dependent key="1" type="1" schemaName="msnfp_deliveryframework" displayName="Delivery Framework" />
      </MissingDependency>
      <MissingDependency>
        <Required key="88" type="61" schemaName="msnfp_grantrequest32" displayName="msnfp_grantrequest32" solution="Active" />
        <Dependent key="1" type="1" schemaName="msnfp_deliveryframework" displayName="Delivery Framework" />
      </MissingDependency>
      <MissingDependency>
        <Required key="89" type="61" schemaName="msnfp_grantrequest16" displayName="msnfp_grantrequest16" solution="Active" />
        <Dependent key="1" type="1" schemaName="msnfp_deliveryframework" displayName="Delivery Framework" />
      </MissingDependency>
      <MissingDependency>
        <Required key="90" type="61" schemaName="msnfp_NonProfitAppLogo" displayName="msnfp_NonProfitAppLogo" solution="Active" />
        <Dependent key="5" type="62" schemaName="msnfp_NonprofitAccelerator" />
      </MissingDependency>
      <MissingDependency>
        <Required key="83" type="61" schemaName="msnfp_grantrequestsvg" displayName="msnfp_grantrequestsvg" solution="Active" />
        <Dependent key="23" type="62" schemaName="new_DeliveryFramework" />
      </MissingDependency>
      <MissingDependency>
        <Required key="90" type="61" schemaName="msnfp_NonProfitAppLogo" displayName="msnfp_NonProfitAppLogo" solution="Active" />
        <Dependent key="23" type="62" schemaName="new_DeliveryFramework" />
      </MissingDependency>
      <MissingDependency>
        <Required key="91" type="61" schemaName="msdyn_appmanagementcontrol" displayName="msdyn_appmanagementcontrol" solution="AppModuleWebResources (2.5)" />
        <Dependent key="25" type="62" />
      </MissingDependency>
      <MissingDependency>
        <Required key="92" type="61" schemaName="msdyn_/Images/Subarea_Default_Icon.png" displayName="msdyn_/Images/Subarea_Default_Icon.png" solution="AppModuleWebResources (2.5)" />
        <Dependent key="25" type="62" />
      </MissingDependency>
      <MissingDependency>
        <Required key="93" type="61" schemaName="msnfp_objectives32" displayName="msnfp_objectives32" solution="Active" />
        <Dependent key="3" type="1" schemaName="msnfp_objective" displayName="Objective" />
      </MissingDependency>
      <MissingDependency>
        <Required key="94" type="61" schemaName="msnfp_objectives16" displayName="msnfp_objectives16" solution="Active" />
        <Dependent key="3" type="1" schemaName="msnfp_objective" displayName="Objective" />
      </MissingDependency>
      <MissingDependency>
        <Required key="95" type="61" schemaName="msnfp_objectivessvg" displayName="msnfp_objectivessvg" solution="Active" />
        <Dependent key="3" type="1" schemaName="msnfp_objective" displayName="Objective" />
      </MissingDependency>
      <MissingDependency>
        <Required key="84" type="61" schemaName="msnfp_donorsvg" displayName="msnfp_donorsvg" solution="Active" />
        <Dependent key="25" type="62" />
      </MissingDependency>
      <MissingDependency>
        <Required key="96" type="61" schemaName="msnfp_membershippng16" displayName="msnfp_membershippng16" solution="Active" />
        <Dependent key="25" type="62" />
      </MissingDependency>
      <MissingDependency>
        <Required key="83" type="61" schemaName="msnfp_grantrequestsvg" displayName="msnfp_grantrequestsvg" solution="Active" />
        <Dependent key="25" type="62" />
      </MissingDependency>
      <MissingDependency>
        <Required key="97" type="61" schemaName="msnfp_NonProfit" displayName="msnfp_NonProfit" solution="Active" />
        <Dependent key="25" type="62" />
      </MissingDependency>
      <MissingDependency>
        <Required key="82" type="61" schemaName="msnfp_accountsvg" displayName="msnfp_accountsvg" solution="Active" />
        <Dependent key="25" type="62" />
      </MissingDependency>
    </MissingDependencies>
  </SolutionManifest>
</ImportExportXml>