<ImportExportXml version="9.1.0.16545" SolutionPackageVersion="9.1" languagecode="1033" generatedBy="CrmLive" xmlns:xsi="http://www.w3.org/2001/XMLSchema-instance">
  <SolutionManifest>
    <UniqueName>CommonDataModelNonprofitSampleApps</UniqueName>
    <LocalizedNames>
      <LocalizedName description="Common Data Model for Nonprofits Sample Apps" languagecode="1033" />
    </LocalizedNames>
    <Descriptions />
    <Version>2.3.3.0</Version>
    <Managed>1</Managed>
    <Publisher>
      <UniqueName>microsoftdynamics365nonprofitaccelerator</UniqueName>
      <LocalizedNames>
        <LocalizedName description="Microsoft Dynamics 365 Nonprofit Accelerator" languagecode="1033" />
      </LocalizedNames>
      <Descriptions />
      <EMailAddress xsi:nil="true"></EMailAddress>
      <SupportingWebsiteUrl xsi:nil="true"></SupportingWebsiteUrl>
      <CustomizationPrefix>msnfp</CustomizationPrefix>
      <CustomizationOptionValuePrefix>84406</CustomizationOptionValuePrefix>
      <Addresses>
        <Address>
          <AddressNumber>1</AddressNumber>
          <AddressTypeCode>1</AddressTypeCode>
          <City xsi:nil="true"></City>
          <County xsi:nil="true"></County>
          <Country xsi:nil="true"></Country>
          <Fax xsi:nil="true"></Fax>
          <FreightTermsCode xsi:nil="true"></FreightTermsCode>
          <ImportSequenceNumber xsi:nil="true"></ImportSequenceNumber>
          <Latitude xsi:nil="true"></Latitude>
          <Line1 xsi:nil="true"></Line1>
          <Line2 xsi:nil="true"></Line2>
          <Line3 xsi:nil="true"></Line3>
          <Longitude xsi:nil="true"></Longitude>
          <Name xsi:nil="true"></Name>
          <PostalCode xsi:nil="true"></PostalCode>
          <PostOfficeBox xsi:nil="true"></PostOfficeBox>
          <PrimaryContactName xsi:nil="true"></PrimaryContactName>
          <ShippingMethodCode>1</ShippingMethodCode>
          <StateOrProvince xsi:nil="true"></StateOrProvince>
          <Telephone1 xsi:nil="true"></Telephone1>
          <Telephone2 xsi:nil="true"></Telephone2>
          <Telephone3 xsi:nil="true"></Telephone3>
          <TimeZoneRuleVersionNumber xsi:nil="true"></TimeZoneRuleVersionNumber>
          <UPSZone xsi:nil="true"></UPSZone>
          <UTCOffset xsi:nil="true"></UTCOffset>
          <UTCConversionTimeZoneCode xsi:nil="true"></UTCConversionTimeZoneCode>
        </Address>
        <Address>
          <AddressNumber>2</AddressNumber>
          <AddressTypeCode>1</AddressTypeCode>
          <City xsi:nil="true"></City>
          <County xsi:nil="true"></County>
          <Country xsi:nil="true"></Country>
          <Fax xsi:nil="true"></Fax>
          <FreightTermsCode xsi:nil="true"></FreightTermsCode>
          <ImportSequenceNumber xsi:nil="true"></ImportSequenceNumber>
          <Latitude xsi:nil="true"></Latitude>
          <Line1 xsi:nil="true"></Line1>
          <Line2 xsi:nil="true"></Line2>
          <Line3 xsi:nil="true"></Line3>
          <Longitude xsi:nil="true"></Longitude>
          <Name xsi:nil="true"></Name>
          <PostalCode xsi:nil="true"></PostalCode>
          <PostOfficeBox xsi:nil="true"></PostOfficeBox>
          <PrimaryContactName xsi:nil="true"></PrimaryContactName>
          <ShippingMethodCode>1</ShippingMethodCode>
          <StateOrProvince xsi:nil="true"></StateOrProvince>
          <Telephone1 xsi:nil="true"></Telephone1>
          <Telephone2 xsi:nil="true"></Telephone2>
          <Telephone3 xsi:nil="true"></Telephone3>
          <TimeZoneRuleVersionNumber xsi:nil="true"></TimeZoneRuleVersionNumber>
          <UPSZone xsi:nil="true"></UPSZone>
          <UTCOffset xsi:nil="true"></UTCOffset>
          <UTCConversionTimeZoneCode xsi:nil="true"></UTCConversionTimeZoneCode>
        </Address>
      </Addresses>
    </Publisher>
    <RootComponents>
      <RootComponent type="61" schemaName="msnfp_/images/casemgtapp_svg" behavior="0" />
      <RootComponent type="61" schemaName="msnfp_/images/pmpdapp_svg" behavior="0" />
      <RootComponent type="61" schemaName="msnfp_administration16" behavior="0" />
      <RootComponent type="61" schemaName="msnfp_awards16" behavior="0" />
      <RootComponent type="61" schemaName="msnfp_constituents16" behavior="0" />
      <RootComponent type="61" schemaName="msnfp_deliveryframework16" behavior="0" />
      <RootComponent type="61" schemaName="msnfp_fundraising16" behavior="0" />
      <RootComponent type="61" schemaName="msnfp_nonprofit16" behavior="0" />
      <RootComponent type="62" schemaName="msnfp_CaseManagement" behavior="0" />
      <RootComponent type="62" schemaName="msnfp_NonprofitAccelerator" behavior="0" />
      <RootComponent type="62" schemaName="msnfp_ProjectMgtProgramDesign" behavior="0" />
      <RootComponent type="62" schemaName="new_Administration" behavior="0" />
      <RootComponent type="62" schemaName="new_Awards" behavior="0" />
      <RootComponent type="62" schemaName="new_DeliveryFramework" behavior="0" />
      <RootComponent type="62" schemaName="new_Donation" behavior="0" />
      <RootComponent type="62" schemaName="new_Fundraising" behavior="0" />
      <RootComponent type="80" schemaName="msnfp_CaseManagement" behavior="0" />
      <RootComponent type="80" schemaName="msnfp_NonprofitAccelerator" behavior="0" />
      <RootComponent type="80" schemaName="msnfp_ProjectMgtProgramDesign" behavior="0" />
      <RootComponent type="80" schemaName="new_Administration" behavior="0" />
      <RootComponent type="80" schemaName="new_Awards" behavior="0" />
      <RootComponent type="80" schemaName="new_DeliveryFramework" behavior="0" />
      <RootComponent type="80" schemaName="new_Donation" behavior="0" />
      <RootComponent type="80" schemaName="new_Fundraising" behavior="0" />
    </RootComponents>
    <MissingDependencies>
      <MissingDependency>
        <Required key="0" type="1" schemaName="msnfp_paymentmethod" displayName="Payment Method" solution="Active" />
        <Dependent key="1" type="62" schemaName="msnfp_NonprofitAccelerator" />
      </MissingDependency>
      <MissingDependency>
        <Required key="2" type="1" schemaName="msnfp_objective" displayName="Objective" solution="Active" />
        <Dependent key="1" type="62" schemaName="msnfp_NonprofitAccelerator" />
      </MissingDependency>
      <MissingDependency>
        <Required key="3" type="1" schemaName="msnfp_indicator" displayName="Indicator" solution="Active" />
        <Dependent key="1" type="62" schemaName="msnfp_NonprofitAccelerator" />
      </MissingDependency>
      <MissingDependency>
        <Required key="4" type="1" schemaName="msnfp_membership" displayName="Membership" solution="Active" />
        <Dependent key="1" type="62" schemaName="msnfp_NonprofitAccelerator" />
      </MissingDependency>
      <MissingDependency>
        <Required key="5" type="1" schemaName="msnfp_review" displayName="Review" solution="Active" />
        <Dependent key="1" type="62" schemaName="msnfp_NonprofitAccelerator" />
      </MissingDependency>
      <MissingDependency>
        <Required key="6" type="1" schemaName="msnfp_resourcecatalog" displayName="Resource Catalog" solution="Active" />
        <Dependent key="1" type="62" schemaName="msnfp_NonprofitAccelerator" />
      </MissingDependency>
      <MissingDependency>
        <Required key="7" type="1" schemaName="msnfp_recommendation" displayName="Recommendation" solution="Active" />
        <Dependent key="1" type="62" schemaName="msnfp_NonprofitAccelerator" />
      </MissingDependency>
      <MissingDependency>
        <Required key="8" type="1" schemaName="msnfp_theoryofchange" displayName="Theory of Change" solution="Active" />
        <Dependent key="1" type="62" schemaName="msnfp_NonprofitAccelerator" />
      </MissingDependency>
      <MissingDependency>
        <Required key="9" type="1" schemaName="msnfp_report" displayName="Report" solution="Active" />
        <Dependent key="1" type="62" schemaName="msnfp_NonprofitAccelerator" />
      </MissingDependency>
      <MissingDependency>
        <Required key="10" type="1" schemaName="msnfp_designation" displayName="Designation" solution="Active" />
        <Dependent key="1" type="62" schemaName="msnfp_NonprofitAccelerator" />
      </MissingDependency>
      <MissingDependency>
        <Required key="11" type="1" schemaName="msnfp_workitemaction" displayName="Work Item Action" solution="Active" />
        <Dependent key="1" type="62" schemaName="msnfp_NonprofitAccelerator" />
      </MissingDependency>
      <MissingDependency>
        <Required key="12" type="1" schemaName="msnfp_membershipcategory" displayName="Membership Category" solution="Active" />
        <Dependent key="1" type="62" schemaName="msnfp_NonprofitAccelerator" />
      </MissingDependency>
      <MissingDependency>
        <Required key="13" type="1" schemaName="msnfp_deliveryframework" displayName="Delivery Framework" solution="Active" />
        <Dependent key="1" type="62" schemaName="msnfp_NonprofitAccelerator" />
      </MissingDependency>
      <MissingDependency>
        <Required key="14" type="1" schemaName="msnfp_indicatorvalue" displayName="Indicator Value" solution="Active" />
        <Dependent key="1" type="62" schemaName="msnfp_NonprofitAccelerator" />
      </MissingDependency>
      <MissingDependency>
        <Required key="15" type="1" schemaName="msnfp_result" displayName="Result" solution="Active" />
        <Dependent key="1" type="62" schemaName="msnfp_NonprofitAccelerator" />
      </MissingDependency>
      <MissingDependency>
        <Required key="16" type="1" schemaName="msnfp_plannedgiving" displayName="Planned Giving" solution="Active" />
        <Dependent key="1" type="62" schemaName="msnfp_NonprofitAccelerator" />
      </MissingDependency>
      <MissingDependency>
        <Required key="17" type="1" schemaName="msnfp_workitem" displayName="Work Item" solution="Active" />
        <Dependent key="1" type="62" schemaName="msnfp_NonprofitAccelerator" />
      </MissingDependency>
      <MissingDependency>
        <Required key="18" type="1" schemaName="msnfp_budget" displayName="Budget" solution="Active" />
        <Dependent key="1" type="62" schemaName="msnfp_NonprofitAccelerator" />
      </MissingDependency>
      <MissingDependency>
        <Required key="19" type="1" schemaName="msnfp_docket" displayName="Docket" solution="Active" />
        <Dependent key="1" type="62" schemaName="msnfp_NonprofitAccelerator" />
      </MissingDependency>
      <MissingDependency>
        <Required key="20" type="1" schemaName="msnfp_programitem" displayName="Program Item" solution="Active" />
        <Dependent key="1" type="62" schemaName="msnfp_NonprofitAccelerator" />
      </MissingDependency>
      <MissingDependency>
        <Required key="21" type="1" schemaName="msnfp_award" displayName="Award" solution="Active" />
        <Dependent key="1" type="62" schemaName="msnfp_NonprofitAccelerator" />
      </MissingDependency>
      <MissingDependency>
        <Required key="22" type="1" schemaName="msnfp_disbursement" displayName="Disbursement" solution="Active" />
        <Dependent key="1" type="62" schemaName="msnfp_NonprofitAccelerator" />
      </MissingDependency>
      <MissingDependency>
        <Required key="23" type="1" schemaName="msnfp_transaction" displayName="Transaction" solution="Active" />
        <Dependent key="1" type="62" schemaName="msnfp_NonprofitAccelerator" />
      </MissingDependency>
      <MissingDependency>
        <Required key="24" type="1" schemaName="msnfp_request" displayName="Request" solution="Active" />
        <Dependent key="1" type="62" schemaName="msnfp_NonprofitAccelerator" />
      </MissingDependency>
      <MissingDependency>
        <Required key="25" type="1" schemaName="msnfp_need" displayName="Need" solution="Active" />
        <Dependent key="1" type="62" schemaName="msnfp_NonprofitAccelerator" />
      </MissingDependency>
      <MissingDependency>
        <Required key="26" type="1" schemaName="msnfp_donorcommitment" displayName="Donor Commitment" solution="Active" />
        <Dependent key="1" type="62" schemaName="msnfp_NonprofitAccelerator" />
      </MissingDependency>
      <MissingDependency>
        <Required key="16" type="1" schemaName="msnfp_plannedgiving" displayName="Planned Giving" solution="Active" />
        <Dependent key="27" type="62" schemaName="new_Fundraising" />
      </MissingDependency>
      <MissingDependency>
        <Required key="23" type="1" schemaName="msnfp_transaction" displayName="Transaction" solution="Active" />
        <Dependent key="27" type="62" schemaName="new_Fundraising" />
      </MissingDependency>
      <MissingDependency>
        <Required key="26" type="1" schemaName="msnfp_donorcommitment" displayName="Donor Commitment" solution="Active" />
        <Dependent key="27" type="62" schemaName="new_Fundraising" />
      </MissingDependency>
      <MissingDependency>
        <Required key="10" type="1" schemaName="msnfp_designation" displayName="Designation" solution="Active" />
        <Dependent key="27" type="62" schemaName="new_Fundraising" />
      </MissingDependency>
      <MissingDependency>
        <Required key="4" type="1" schemaName="msnfp_membership" displayName="Membership" solution="Active" />
        <Dependent key="27" type="62" schemaName="new_Fundraising" />
      </MissingDependency>
      <MissingDependency>
        <Required key="28" type="1" schemaName="msnfp_benefitrecipient" displayName="Benefit Recipient" solution="Active" />
        <Dependent key="29" type="80" schemaName="new_Donation" displayName="Constituents" />
      </MissingDependency>
      <MissingDependency>
        <Required key="3" type="1" schemaName="msnfp_indicator" displayName="Indicator" solution="Active" />
        <Dependent key="30" type="62" schemaName="new_DeliveryFramework" />
      </MissingDependency>
      <MissingDependency>
        <Required key="18" type="1" schemaName="msnfp_budget" displayName="Budget" solution="Active" />
        <Dependent key="30" type="62" schemaName="new_DeliveryFramework" />
      </MissingDependency>
      <MissingDependency>
        <Required key="2" type="1" schemaName="msnfp_objective" displayName="Objective" solution="Active" />
        <Dependent key="30" type="62" schemaName="new_DeliveryFramework" />
      </MissingDependency>
      <MissingDependency>
        <Required key="15" type="1" schemaName="msnfp_result" displayName="Result" solution="Active" />
        <Dependent key="30" type="62" schemaName="new_DeliveryFramework" />
      </MissingDependency>
      <MissingDependency>
        <Required key="13" type="1" schemaName="msnfp_deliveryframework" displayName="Delivery Framework" solution="Active" />
        <Dependent key="30" type="62" schemaName="new_DeliveryFramework" />
      </MissingDependency>
      <MissingDependency>
        <Required key="14" type="1" schemaName="msnfp_indicatorvalue" displayName="Indicator Value" solution="Active" />
        <Dependent key="30" type="62" schemaName="new_DeliveryFramework" />
      </MissingDependency>
      <MissingDependency>
        <Required key="12" type="1" schemaName="msnfp_membershipcategory" displayName="Membership Category" solution="Active" />
        <Dependent key="31" type="80" schemaName="new_Administration" displayName="Administration" />
      </MissingDependency>
      <MissingDependency>
        <Required key="6" type="1" schemaName="msnfp_resourcecatalog" displayName="Resource Catalog" solution="Active" />
        <Dependent key="31" type="80" schemaName="new_Administration" displayName="Administration" />
      </MissingDependency>
      <MissingDependency>
        <Required key="0" type="1" schemaName="msnfp_paymentmethod" displayName="Payment Method" solution="Active" />
        <Dependent key="31" type="80" schemaName="new_Administration" displayName="Administration" />
      </MissingDependency>
      <MissingDependency>
        <Required key="19" type="1" schemaName="msnfp_docket" displayName="Docket" solution="Active" />
        <Dependent key="32" type="80" schemaName="new_Awards" displayName="Awards" />
      </MissingDependency>
      <MissingDependency>
        <Required key="7" type="1" schemaName="msnfp_recommendation" displayName="Recommendation" solution="Active" />
        <Dependent key="32" type="80" schemaName="new_Awards" displayName="Awards" />
      </MissingDependency>
      <MissingDependency>
        <Required key="2" type="1" schemaName="msnfp_objective" displayName="Objective" solution="Active" />
        <Dependent key="32" type="80" schemaName="new_Awards" displayName="Awards" />
      </MissingDependency>
      <MissingDependency>
        <Required key="9" type="1" schemaName="msnfp_report" displayName="Report" solution="Active" />
        <Dependent key="32" type="80" schemaName="new_Awards" displayName="Awards" />
      </MissingDependency>
      <MissingDependency>
        <Required key="21" type="1" schemaName="msnfp_award" displayName="Award" solution="Active" />
        <Dependent key="32" type="80" schemaName="new_Awards" displayName="Awards" />
      </MissingDependency>
      <MissingDependency>
        <Required key="13" type="1" schemaName="msnfp_deliveryframework" displayName="Delivery Framework" solution="Active" />
        <Dependent key="32" type="80" schemaName="new_Awards" displayName="Awards" />
      </MissingDependency>
      <MissingDependency>
        <Required key="24" type="1" schemaName="msnfp_request" displayName="Request" solution="Active" />
        <Dependent key="32" type="80" schemaName="new_Awards" displayName="Awards" />
      </MissingDependency>
      <MissingDependency>
        <Required key="5" type="1" schemaName="msnfp_review" displayName="Review" solution="Active" />
        <Dependent key="32" type="80" schemaName="new_Awards" displayName="Awards" />
      </MissingDependency>
      <MissingDependency>
        <Required key="22" type="1" schemaName="msnfp_disbursement" displayName="Disbursement" solution="Active" />
        <Dependent key="32" type="80" schemaName="new_Awards" displayName="Awards" />
      </MissingDependency>
      <MissingDependency>
        <Required key="6" type="1" schemaName="msnfp_resourcecatalog" displayName="Resource Catalog" solution="Active" />
        <Dependent key="33" type="62" schemaName="new_Administration" />
      </MissingDependency>
      <MissingDependency>
        <Required key="12" type="1" schemaName="msnfp_membershipcategory" displayName="Membership Category" solution="Active" />
        <Dependent key="33" type="62" schemaName="new_Administration" />
      </MissingDependency>
      <MissingDependency>
        <Required key="10" type="1" schemaName="msnfp_designation" displayName="Designation" solution="Active" />
        <Dependent key="33" type="62" schemaName="new_Administration" />
      </MissingDependency>
      <MissingDependency>
        <Required key="8" type="1" schemaName="msnfp_theoryofchange" displayName="Theory of Change" solution="Active" />
        <Dependent key="34" type="62" schemaName="msnfp_ProjectMgtProgramDesign" />
      </MissingDependency>
      <MissingDependency>
        <Required key="20" type="1" schemaName="msnfp_programitem" displayName="Program Item" solution="Active" />
        <Dependent key="34" type="62" schemaName="msnfp_ProjectMgtProgramDesign" />
      </MissingDependency>
      <MissingDependency>
        <Required key="8" type="1" schemaName="msnfp_theoryofchange" displayName="Theory of Change" solution="Active" />
        <Dependent key="35" type="80" schemaName="msnfp_ProjectMgtProgramDesign" displayName="Project Mgt. &amp; Program Design" />
      </MissingDependency>
      <MissingDependency>
        <Required key="20" type="1" schemaName="msnfp_programitem" displayName="Program Item" solution="Active" />
        <Dependent key="35" type="80" schemaName="msnfp_ProjectMgtProgramDesign" displayName="Project Mgt. &amp; Program Design" />
      </MissingDependency>
      <MissingDependency>
        <Required key="36" type="1" schemaName="msnfp_employmenthistory" displayName="Employment History" solution="Active" />
        <Dependent key="37" type="80" schemaName="msnfp_NonprofitAccelerator" displayName="Nonprofit Hub" />
      </MissingDependency>
      <MissingDependency>
        <Required key="11" type="1" schemaName="msnfp_workitemaction" displayName="Work Item Action" solution="Active" />
        <Dependent key="37" type="80" schemaName="msnfp_NonprofitAccelerator" displayName="Nonprofit Hub" />
      </MissingDependency>
      <MissingDependency>
        <Required key="24" type="1" schemaName="msnfp_request" displayName="Request" solution="Active" />
        <Dependent key="37" type="80" schemaName="msnfp_NonprofitAccelerator" displayName="Nonprofit Hub" />
      </MissingDependency>
      <MissingDependency>
        <Required key="13" type="1" schemaName="msnfp_deliveryframework" displayName="Delivery Framework" solution="Active" />
        <Dependent key="37" type="80" schemaName="msnfp_NonprofitAccelerator" displayName="Nonprofit Hub" />
      </MissingDependency>
      <MissingDependency>
        <Required key="14" type="1" schemaName="msnfp_indicatorvalue" displayName="Indicator Value" solution="Active" />
        <Dependent key="37" type="80" schemaName="msnfp_NonprofitAccelerator" displayName="Nonprofit Hub" />
      </MissingDependency>
      <MissingDependency>
        <Required key="38" type="1" schemaName="msnfp_paymentschedule" displayName="Payment Schedule" solution="Active" />
        <Dependent key="37" type="80" schemaName="msnfp_NonprofitAccelerator" displayName="Nonprofit Hub" />
      </MissingDependency>
      <MissingDependency>
        <Required key="39" type="1" schemaName="msnfp_designatedcredit" displayName="Designated Credit" solution="Active" />
        <Dependent key="37" type="80" schemaName="msnfp_NonprofitAccelerator" displayName="Nonprofit Hub" />
      </MissingDependency>
      <MissingDependency>
        <Required key="20" type="1" schemaName="msnfp_programitem" displayName="Program Item" solution="Active" />
        <Dependent key="37" type="80" schemaName="msnfp_NonprofitAccelerator" displayName="Nonprofit Hub" />
      </MissingDependency>
      <MissingDependency>
        <Required key="40" type="1" schemaName="msnfp_ofacmatch" displayName="OFAC Match" solution="Active" />
        <Dependent key="37" type="80" schemaName="msnfp_NonprofitAccelerator" displayName="Nonprofit Hub" />
      </MissingDependency>
      <MissingDependency>
        <Required key="4" type="1" schemaName="msnfp_membership" displayName="Membership" solution="Active" />
        <Dependent key="37" type="80" schemaName="msnfp_NonprofitAccelerator" displayName="Nonprofit Hub" />
      </MissingDependency>
      <MissingDependency>
        <Required key="18" type="1" schemaName="msnfp_budget" displayName="Budget" solution="Active" />
        <Dependent key="37" type="80" schemaName="msnfp_NonprofitAccelerator" displayName="Nonprofit Hub" />
      </MissingDependency>
      <MissingDependency>
        <Required key="3" type="1" schemaName="msnfp_indicator" displayName="Indicator" solution="Active" />
        <Dependent key="37" type="80" schemaName="msnfp_NonprofitAccelerator" displayName="Nonprofit Hub" />
      </MissingDependency>
      <MissingDependency>
        <Required key="7" type="1" schemaName="msnfp_recommendation" displayName="Recommendation" solution="Active" />
        <Dependent key="37" type="80" schemaName="msnfp_NonprofitAccelerator" displayName="Nonprofit Hub" />
      </MissingDependency>
      <MissingDependency>
        <Required key="15" type="1" schemaName="msnfp_result" displayName="Result" solution="Active" />
        <Dependent key="37" type="80" schemaName="msnfp_NonprofitAccelerator" displayName="Nonprofit Hub" />
      </MissingDependency>
      <MissingDependency>
        <Required key="26" type="1" schemaName="msnfp_donorcommitment" displayName="Donor Commitment" solution="Active" />
        <Dependent key="37" type="80" schemaName="msnfp_NonprofitAccelerator" displayName="Nonprofit Hub" />
      </MissingDependency>
      <MissingDependency>
        <Required key="10" type="1" schemaName="msnfp_designation" displayName="Designation" solution="Active" />
        <Dependent key="37" type="80" schemaName="msnfp_NonprofitAccelerator" displayName="Nonprofit Hub" />
      </MissingDependency>
      <MissingDependency>
        <Required key="5" type="1" schemaName="msnfp_review" displayName="Review" solution="Active" />
        <Dependent key="37" type="80" schemaName="msnfp_NonprofitAccelerator" displayName="Nonprofit Hub" />
      </MissingDependency>
      <MissingDependency>
        <Required key="41" type="1" schemaName="msnfp_salutation" displayName="Salutation" solution="Active" />
        <Dependent key="37" type="80" schemaName="msnfp_NonprofitAccelerator" displayName="Nonprofit Hub" />
      </MissingDependency>
      <MissingDependency>
        <Required key="0" type="1" schemaName="msnfp_paymentmethod" displayName="Payment Method" solution="Active" />
        <Dependent key="37" type="80" schemaName="msnfp_NonprofitAccelerator" displayName="Nonprofit Hub" />
      </MissingDependency>
      <MissingDependency>
        <Required key="42" type="1" schemaName="msnfp_creditrecipient" displayName="Credit Plan Recipient" solution="Active" />
        <Dependent key="37" type="80" schemaName="msnfp_NonprofitAccelerator" displayName="Nonprofit Hub" />
      </MissingDependency>
      <MissingDependency>
        <Required key="43" type="1" schemaName="msnfp_paymentprocessor" displayName="Payment Processor" solution="Active" />
        <Dependent key="37" type="80" schemaName="msnfp_NonprofitAccelerator" displayName="Nonprofit Hub" />
      </MissingDependency>
      <MissingDependency>
        <Required key="8" type="1" schemaName="msnfp_theoryofchange" displayName="Theory of Change" solution="Active" />
        <Dependent key="37" type="80" schemaName="msnfp_NonprofitAccelerator" displayName="Nonprofit Hub" />
      </MissingDependency>
      <MissingDependency>
        <Required key="44" type="1" schemaName="msnfp_preference" displayName="Preference" solution="Active" />
        <Dependent key="37" type="80" schemaName="msnfp_NonprofitAccelerator" displayName="Nonprofit Hub" />
      </MissingDependency>
      <MissingDependency>
        <Required key="45" type="1" schemaName="msnfp_paymentasset" displayName="Payment Asset" solution="Active" />
        <Dependent key="37" type="80" schemaName="msnfp_NonprofitAccelerator" displayName="Nonprofit Hub" />
      </MissingDependency>
      <MissingDependency>
        <Required key="23" type="1" schemaName="msnfp_transaction" displayName="Transaction" solution="Active" />
        <Dependent key="37" type="80" schemaName="msnfp_NonprofitAccelerator" displayName="Nonprofit Hub" />
      </MissingDependency>
      <MissingDependency>
        <Required key="22" type="1" schemaName="msnfp_disbursement" displayName="Disbursement" solution="Active" />
        <Dependent key="37" type="80" schemaName="msnfp_NonprofitAccelerator" displayName="Nonprofit Hub" />
      </MissingDependency>
      <MissingDependency>
        <Required key="2" type="1" schemaName="msnfp_objective" displayName="Objective" solution="Active" />
        <Dependent key="37" type="80" schemaName="msnfp_NonprofitAccelerator" displayName="Nonprofit Hub" />
      </MissingDependency>
      <MissingDependency>
        <Required key="6" type="1" schemaName="msnfp_resourcecatalog" displayName="Resource Catalog" solution="Active" />
        <Dependent key="37" type="80" schemaName="msnfp_NonprofitAccelerator" displayName="Nonprofit Hub" />
      </MissingDependency>
      <MissingDependency>
        <Required key="21" type="1" schemaName="msnfp_award" displayName="Award" solution="Active" />
        <Dependent key="37" type="80" schemaName="msnfp_NonprofitAccelerator" displayName="Nonprofit Hub" />
      </MissingDependency>
      <MissingDependency>
        <Required key="46" type="1" schemaName="msnfp_education" displayName="Education" solution="Active" />
        <Dependent key="37" type="80" schemaName="msnfp_NonprofitAccelerator" displayName="Nonprofit Hub" />
      </MissingDependency>
      <MissingDependency>
        <Required key="12" type="1" schemaName="msnfp_membershipcategory" displayName="Membership Category" solution="Active" />
        <Dependent key="37" type="80" schemaName="msnfp_NonprofitAccelerator" displayName="Nonprofit Hub" />
      </MissingDependency>
      <MissingDependency>
        <Required key="25" type="1" schemaName="msnfp_need" displayName="Need" solution="Active" />
        <Dependent key="37" type="80" schemaName="msnfp_NonprofitAccelerator" displayName="Nonprofit Hub" />
      </MissingDependency>
      <MissingDependency>
        <Required key="16" type="1" schemaName="msnfp_plannedgiving" displayName="Planned Giving" solution="Active" />
        <Dependent key="37" type="80" schemaName="msnfp_NonprofitAccelerator" displayName="Nonprofit Hub" />
      </MissingDependency>
      <MissingDependency>
        <Required key="47" type="1" schemaName="msnfp_creditplan" displayName="Credit Plan" solution="Active" />
        <Dependent key="37" type="80" schemaName="msnfp_NonprofitAccelerator" displayName="Nonprofit Hub" />
      </MissingDependency>
      <MissingDependency>
        <Required key="48" type="1" schemaName="msnfp_designationplan" displayName="Designation Plan" solution="Active" />
        <Dependent key="37" type="80" schemaName="msnfp_NonprofitAccelerator" displayName="Nonprofit Hub" />
      </MissingDependency>
      <MissingDependency>
        <Required key="9" type="1" schemaName="msnfp_report" displayName="Report" solution="Active" />
        <Dependent key="37" type="80" schemaName="msnfp_NonprofitAccelerator" displayName="Nonprofit Hub" />
      </MissingDependency>
      <MissingDependency>
        <Required key="17" type="1" schemaName="msnfp_workitem" displayName="Work Item" solution="Active" />
        <Dependent key="37" type="80" schemaName="msnfp_NonprofitAccelerator" displayName="Nonprofit Hub" />
      </MissingDependency>
      <MissingDependency>
        <Required key="10" type="1" schemaName="msnfp_designation" displayName="Designation" solution="Active" />
        <Dependent key="31" type="80" schemaName="new_Administration" displayName="Administration" />
      </MissingDependency>
      <MissingDependency>
        <Required key="18" type="1" schemaName="msnfp_budget" displayName="Budget" solution="Active" />
        <Dependent key="32" type="80" schemaName="new_Awards" displayName="Awards" />
      </MissingDependency>
      <MissingDependency>
        <Required key="0" type="1" schemaName="msnfp_paymentmethod" displayName="Payment Method" solution="Active" />
        <Dependent key="33" type="62" schemaName="new_Administration" />
      </MissingDependency>
      <MissingDependency>
        <Required key="28" type="1" schemaName="msnfp_benefitrecipient" displayName="Benefit Recipient" solution="Active" />
        <Dependent key="37" type="80" schemaName="msnfp_NonprofitAccelerator" displayName="Nonprofit Hub" />
      </MissingDependency>
      <MissingDependency>
        <Required key="19" type="1" schemaName="msnfp_docket" displayName="Docket" solution="Active" />
        <Dependent key="37" type="80" schemaName="msnfp_NonprofitAccelerator" displayName="Nonprofit Hub" />
      </MissingDependency>
      <MissingDependency>
        <Required key="23" type="1" schemaName="msnfp_transaction" displayName="Transaction" solution="Active" />
        <Dependent key="49" type="80" schemaName="new_Fundraising" displayName="Fundraising" />
      </MissingDependency>
      <MissingDependency>
        <Required key="16" type="1" schemaName="msnfp_plannedgiving" displayName="Planned Giving" solution="Active" />
        <Dependent key="49" type="80" schemaName="new_Fundraising" displayName="Fundraising" />
      </MissingDependency>
      <MissingDependency>
        <Required key="14" type="1" schemaName="msnfp_indicatorvalue" displayName="Indicator Value" solution="Active" />
        <Dependent key="50" type="80" schemaName="new_DeliveryFramework" displayName="Delivery Framework" />
      </MissingDependency>
      <MissingDependency>
        <Required key="3" type="1" schemaName="msnfp_indicator" displayName="Indicator" solution="Active" />
        <Dependent key="50" type="80" schemaName="new_DeliveryFramework" displayName="Delivery Framework" />
      </MissingDependency>
      <MissingDependency>
        <Required key="13" type="1" schemaName="msnfp_deliveryframework" displayName="Delivery Framework" solution="Active" />
        <Dependent key="50" type="80" schemaName="new_DeliveryFramework" displayName="Delivery Framework" />
      </MissingDependency>
      <MissingDependency>
        <Required key="2" type="1" schemaName="msnfp_objective" displayName="Objective" solution="Active" />
        <Dependent key="50" type="80" schemaName="new_DeliveryFramework" displayName="Delivery Framework" />
      </MissingDependency>
      <MissingDependency>
        <Required key="18" type="1" schemaName="msnfp_budget" displayName="Budget" solution="Active" />
        <Dependent key="50" type="80" schemaName="new_DeliveryFramework" displayName="Delivery Framework" />
      </MissingDependency>
      <MissingDependency>
        <Required key="15" type="1" schemaName="msnfp_result" displayName="Result" solution="Active" />
        <Dependent key="50" type="80" schemaName="new_DeliveryFramework" displayName="Delivery Framework" />
      </MissingDependency>
      <MissingDependency>
        <Required key="5" type="1" schemaName="msnfp_review" displayName="Review" solution="Active" />
        <Dependent key="51" type="62" schemaName="new_Awards" />
      </MissingDependency>
      <MissingDependency>
        <Required key="19" type="1" schemaName="msnfp_docket" displayName="Docket" solution="Active" />
        <Dependent key="51" type="62" schemaName="new_Awards" />
      </MissingDependency>
      <MissingDependency>
        <Required key="18" type="1" schemaName="msnfp_budget" displayName="Budget" solution="Active" />
        <Dependent key="51" type="62" schemaName="new_Awards" />
      </MissingDependency>
      <MissingDependency>
        <Required key="9" type="1" schemaName="msnfp_report" displayName="Report" solution="Active" />
        <Dependent key="51" type="62" schemaName="new_Awards" />
      </MissingDependency>
      <MissingDependency>
        <Required key="7" type="1" schemaName="msnfp_recommendation" displayName="Recommendation" solution="Active" />
        <Dependent key="51" type="62" schemaName="new_Awards" />
      </MissingDependency>
      <MissingDependency>
        <Required key="22" type="1" schemaName="msnfp_disbursement" displayName="Disbursement" solution="Active" />
        <Dependent key="51" type="62" schemaName="new_Awards" />
      </MissingDependency>
      <MissingDependency>
        <Required key="21" type="1" schemaName="msnfp_award" displayName="Award" solution="Active" />
        <Dependent key="51" type="62" schemaName="new_Awards" />
      </MissingDependency>
      <MissingDependency>
        <Required key="24" type="1" schemaName="msnfp_request" displayName="Request" solution="Active" />
        <Dependent key="51" type="62" schemaName="new_Awards" />
      </MissingDependency>
      <MissingDependency>
        <Required key="11" type="1" schemaName="msnfp_workitemaction" displayName="Work Item Action" solution="Active" />
        <Dependent key="52" type="62" schemaName="msnfp_CaseManagement" />
      </MissingDependency>
      <MissingDependency>
        <Required key="25" type="1" schemaName="msnfp_need" displayName="Need" solution="Active" />
        <Dependent key="52" type="62" schemaName="msnfp_CaseManagement" />
      </MissingDependency>
      <MissingDependency>
        <Required key="17" type="1" schemaName="msnfp_workitem" displayName="Work Item" solution="Active" />
        <Dependent key="52" type="62" schemaName="msnfp_CaseManagement" />
      </MissingDependency>
      <MissingDependency>
        <Required key="25" type="1" schemaName="msnfp_need" displayName="Need" solution="Active" />
        <Dependent key="53" type="80" schemaName="msnfp_CaseManagement" displayName="Case Management" />
      </MissingDependency>
      <MissingDependency>
        <Required key="17" type="1" schemaName="msnfp_workitem" displayName="Work Item" solution="Active" />
        <Dependent key="53" type="80" schemaName="msnfp_CaseManagement" displayName="Case Management" />
      </MissingDependency>
      <MissingDependency>
        <Required key="11" type="1" schemaName="msnfp_workitemaction" displayName="Work Item Action" solution="Active" />
        <Dependent key="53" type="80" schemaName="msnfp_CaseManagement" displayName="Case Management" />
      </MissingDependency>
      <MissingDependency>
        <Required key="26" type="1" schemaName="msnfp_donorcommitment" displayName="Donor Commitment" solution="Active" />
        <Dependent key="49" type="80" schemaName="new_Fundraising" displayName="Fundraising" />
      </MissingDependency>
      <MissingDependency>
        <Required key="4" type="1" schemaName="msnfp_membership" displayName="Membership" solution="Active" />
        <Dependent key="49" type="80" schemaName="new_Fundraising" displayName="Fundraising" />
      </MissingDependency>
      <MissingDependency>
        <Required key="13" type="1" schemaName="msnfp_deliveryframework" displayName="Delivery Framework" solution="Active" />
        <Dependent key="51" type="62" schemaName="new_Awards" />
      </MissingDependency>
      <MissingDependency>
        <Required key="2" type="1" schemaName="msnfp_objective" displayName="Objective" solution="Active" />
        <Dependent key="51" type="62" schemaName="new_Awards" />
      </MissingDependency>
      <MissingDependency>
        <Required key="54" type="60" displayName="Work Item Dashboard" solution="Active" id="{502409fd-454f-ea11-a812-000d3a33fa14}" />
        <Dependent key="53" type="80" schemaName="msnfp_CaseManagement" displayName="Case Management" />
      </MissingDependency>
      <MissingDependency>
        <Required key="55" type="61" schemaName="msnfp_nonprofithubwelcomepage" displayName="msnfp_nonprofithubwelcomepage" solution="Active" />
        <Dependent key="50" type="80" schemaName="new_DeliveryFramework" displayName="Delivery Framework" />
      </MissingDependency>
      <MissingDependency>
        <Required key="56" type="61" schemaName="msnfp_NonProfitAppLogo" displayName="msnfp_NonProfitAppLogo" solution="Active" />
        <Dependent key="57" type="62" schemaName="new_Donation" />
      </MissingDependency>
      <MissingDependency>
        <Required key="58" type="61" schemaName="msnfp_donorsvg" displayName="msnfp_donorsvg" solution="Active" />
        <Dependent key="57" type="62" schemaName="new_Donation" />
      </MissingDependency>
      <MissingDependency>
        <Required key="59" type="61" schemaName="msnfp_accountsvg" displayName="msnfp_accountsvg" solution="Active" />
        <Dependent key="57" type="62" schemaName="new_Donation" />
      </MissingDependency>
      <MissingDependency>
        <Required key="55" type="61" schemaName="msnfp_nonprofithubwelcomepage" displayName="msnfp_nonprofithubwelcomepage" solution="Active" />
        <Dependent key="49" type="80" schemaName="new_Fundraising" displayName="Fundraising" />
      </MissingDependency>
      <MissingDependency>
        <Required key="60" type="61" schemaName="msdyn_/Images/AppModule_Default_Icon.png" displayName="msdyn_/Images/AppModule_Default_Icon.png" solution="AppModuleWebResources (2.5)" />
        <Dependent key="37" type="80" schemaName="msnfp_NonprofitAccelerator" displayName="Nonprofit Hub" />
      </MissingDependency>
      <MissingDependency>
        <Required key="56" type="61" schemaName="msnfp_NonProfitAppLogo" displayName="msnfp_NonProfitAppLogo" solution="Active" />
        <Dependent key="33" type="62" schemaName="new_Administration" />
      </MissingDependency>
      <MissingDependency>
        <Required key="55" type="61" schemaName="msnfp_nonprofithubwelcomepage" displayName="msnfp_nonprofithubwelcomepage" solution="Active" />
        <Dependent key="32" type="80" schemaName="new_Awards" displayName="Awards" />
      </MissingDependency>
      <MissingDependency>
        <Required key="56" type="61" schemaName="msnfp_NonProfitAppLogo" displayName="msnfp_NonProfitAppLogo" solution="Active" />
        <Dependent key="30" type="62" schemaName="new_DeliveryFramework" />
      </MissingDependency>
      <MissingDependency>
        <Required key="55" type="61" schemaName="msnfp_nonprofithubwelcomepage" displayName="msnfp_nonprofithubwelcomepage" solution="Active" />
        <Dependent key="31" type="80" schemaName="new_Administration" displayName="Administration" />
      </MissingDependency>
      <MissingDependency>
        <Required key="55" type="61" schemaName="msnfp_nonprofithubwelcomepage" displayName="msnfp_nonprofithubwelcomepage" solution="Active" />
        <Dependent key="37" type="80" schemaName="msnfp_NonprofitAccelerator" displayName="Nonprofit Hub" />
      </MissingDependency>
      <MissingDependency>
        <Required key="61" type="61" schemaName="msnfp_grantrequestsvg" displayName="msnfp_grantrequestsvg" solution="Active" />
        <Dependent key="30" type="62" schemaName="new_DeliveryFramework" />
      </MissingDependency>
      <MissingDependency>
        <Required key="55" type="61" schemaName="msnfp_nonprofithubwelcomepage" displayName="msnfp_nonprofithubwelcomepage" solution="Active" />
        <Dependent key="29" type="80" schemaName="new_Donation" displayName="Constituents" />
      </MissingDependency>
      <MissingDependency>
        <Required key="56" type="61" schemaName="msnfp_NonProfitAppLogo" displayName="msnfp_NonProfitAppLogo" solution="Active" />
        <Dependent key="27" type="62" schemaName="new_Fundraising" />
      </MissingDependency>
      <MissingDependency>
        <Required key="56" type="61" schemaName="msnfp_NonProfitAppLogo" displayName="msnfp_NonProfitAppLogo" solution="Active" />
        <Dependent key="1" type="62" schemaName="msnfp_NonprofitAccelerator" />
      </MissingDependency>
      <MissingDependency>
        <Required key="61" type="61" schemaName="msnfp_grantrequestsvg" displayName="msnfp_grantrequestsvg" solution="Active" />
        <Dependent key="1" type="62" schemaName="msnfp_NonprofitAccelerator" />
      </MissingDependency>
      <MissingDependency>
        <Required key="59" type="61" schemaName="msnfp_accountsvg" displayName="msnfp_accountsvg" solution="Active" />
        <Dependent key="1" type="62" schemaName="msnfp_NonprofitAccelerator" />
      </MissingDependency>
      <MissingDependency>
        <Required key="58" type="61" schemaName="msnfp_donorsvg" displayName="msnfp_donorsvg" solution="Active" />
        <Dependent key="1" type="62" schemaName="msnfp_NonprofitAccelerator" />
      </MissingDependency>
      <MissingDependency>
        <Required key="56" type="61" schemaName="msnfp_NonProfitAppLogo" displayName="msnfp_NonProfitAppLogo" solution="Active" />
        <Dependent key="51" type="62" schemaName="new_Awards" />
      </MissingDependency>
    </MissingDependencies>
  </SolutionManifest>
</ImportExportXml>